experiment,label,feature_set,split,holdout,model,n_train,n_test,train_counts,test_counts,accuracy,balanced_accuracy,macro_f1,confusion_matrix
visual_all,label_acacia_visual,embeddings,random,,logistic_c0.1,280,120,"{""0"": 145, ""1"": 135}","{""0"": 62, ""1"": 58}",0.775,0.7766963292547275,0.7748592870544091,"[[45, 17], [10, 48]]"
visual_all,label_acacia_visual,embeddings,random,,logistic_c0.5,280,120,"{""0"": 145, ""1"": 135}","{""0"": 62, ""1"": 58}",0.7333333333333333,0.7352614015572858,0.7330367074527253,"[[42, 20], [12, 46]]"
visual_all,label_acacia_visual,embeddings,random,,svc_linearish,280,120,"{""0"": 145, ""1"": 135}","{""0"": 62, ""1"": 58}",0.725,0.7260845383759733,0.7249809014514896,"[[43, 19], [14, 44]]"
visual_all,label_acacia_visual,embeddings,random,,svc_rbf_c0.5,280,120,"{""0"": 145, ""1"": 135}","{""0"": 62, ""1"": 58}",0.7583333333333333,0.7600111234705228,0.7581821972065874,"[[44, 18], [11, 47]]"
visual_all,label_acacia_visual,embeddings,random,,rf_leaf3,280,120,"{""0"": 145, ""1"": 135}","{""0"": 62, ""1"": 58}",0.75,0.7502780867630701,0.7499305362600722,"[[46, 16], [14, 44]]"
visual_all,label_acacia_visual,embeddings,random,,extra_leaf3,280,120,"{""0"": 145, ""1"": 135}","{""0"": 62, ""1"": 58}",0.775,0.7761401557285873,0.7749843739148552,"[[46, 16], [11, 47]]"
visual_all,label_acacia_visual,embeddings,leave_area_out,SV_S1,logistic_c0.1,267,133,"{""0"": 121, ""1"": 146}","{""0"": 86, ""1"": 47}",0.7218045112781954,0.6642751113310242,0.671604938271605,"[[74, 12], [25, 22]]"
visual_all,label_acacia_visual,embeddings,leave_area_out,SV_S1,logistic_c0.5,267,133,"{""0"": 121, ""1"": 146}","{""0"": 86, ""1"": 47}",0.6541353383458647,0.5395843641761504,0.5050161812297734,"[[80, 6], [40, 7]]"
visual_all,label_acacia_visual,embeddings,leave_area_out,SV_S1,svc_linearish,267,133,"{""0"": 121, ""1"": 146}","{""0"": 86, ""1"": 47}",0.706766917293233,0.6044037605145968,0.5944170771756978,"[[82, 4], [35, 12]]"
visual_all,label_acacia_visual,embeddings,leave_area_out,SV_S1,svc_rbf_c0.5,267,133,"{""0"": 121, ""1"": 146}","{""0"": 86, ""1"": 47}",0.5639097744360902,0.5856011875309253,0.5597031963470318,"[[44, 42], [16, 31]]"
visual_all,label_acacia_visual,embeddings,leave_area_out,SV_S1,rf_leaf3,267,133,"{""0"": 121, ""1"": 146}","{""0"": 86, ""1"": 47}",0.5263157894736842,0.5661801088570015,0.525886946189102,"[[37, 49], [14, 33]]"
visual_all,label_acacia_visual,embeddings,leave_area_out,SV_S1,extra_leaf3,267,133,"{""0"": 121, ""1"": 146}","{""0"": 86, ""1"": 47}",0.48120300751879697,0.5312963879267689,0.4810856658184902,"[[31, 55], [14, 33]]"
visual_all,label_acacia_visual,embeddings,leave_area_out,SV_S2,logistic_c0.1,262,138,"{""0"": 131, ""1"": 131}","{""0"": 76, ""1"": 62}",0.6376811594202898,0.6487691001697793,0.6369949494949495,"[[41, 35], [15, 47]]"
visual_all,label_acacia_visual,embeddings,leave_area_out,SV_S2,logistic_c0.5,262,138,"{""0"": 131, ""1"": 131}","{""0"": 76, ""1"": 62}",0.6666666666666666,0.6676570458404074,0.6655426765015806,"[[50, 26], [20, 42]]"
visual_all,label_acacia_visual,embeddings,leave_area_out,SV_S2,svc_linearish,262,138,"{""0"": 131, ""1"": 131}","{""0"": 76, ""1"": 62}",0.6231884057971014,0.6148132427843802,0.615104054923836,"[[53, 23], [29, 33]]"
visual_all,label_acacia_visual,embeddings,leave_area_out,SV_S2,svc_rbf_c0.5,262,138,"{""0"": 131, ""1"": 131}","{""0"": 76, ""1"": 62}",0.4782608695652174,0.5203735144312394,0.3994197292069632,"[[8, 68], [4, 58]]"
visual_all,label_acacia_visual,embeddings,leave_area_out,SV_S2,rf_leaf3,262,138,"{""0"": 131, ""1"": 131}","{""0"": 76, ""1"": 62}",0.4855072463768116,0.523981324278438,0.4242904988542218,"[[11, 65], [6, 56]]"
visual_all,label_acacia_visual,embeddings,leave_area_out,SV_S2,extra_leaf3,262,138,"{""0"": 131, ""1"": 131}","{""0"": 76, ""1"": 62}",0.5072463768115942,0.5452037351443124,0.45148468552723875,"[[13, 63], [5, 57]]"
visual_all,label_acacia_visual,embeddings,leave_area_out,SV_S3,logistic_c0.1,307,93,"{""0"": 178, ""1"": 129}","{""0"": 29, ""1"": 64}",0.5161290322580645,0.5070043103448276,0.4926657776700206,"[[14, 15], [30, 34]]"
visual_all,label_acacia_visual,embeddings,leave_area_out,SV_S3,logistic_c0.5,307,93,"{""0"": 178, ""1"": 129}","{""0"": 29, ""1"": 64}",0.6021505376344086,0.5506465517241379,0.5487213114754099,"[[12, 17], [20, 44]]"
visual_all,label_acacia_visual,embeddings,leave_area_out,SV_S3,svc_linearish,307,93,"{""0"": 178, ""1"": 129}","{""0"": 29, ""1"": 64}",0.5483870967741935,0.5115840517241379,0.5068181818181818,"[[12, 17], [25, 39]]"
visual_all,label_acacia_visual,embeddings,leave_area_out,SV_S3,svc_rbf_c0.5,307,93,"{""0"": 178, ""1"": 129}","{""0"": 29, ""1"": 64}",0.4946236559139785,0.5290948275862069,0.4887121300736928,"[[18, 11], [36, 28]]"
visual_all,label_acacia_visual,embeddings,leave_area_out,SV_S3,rf_leaf3,307,93,"{""0"": 178, ""1"": 129}","{""0"": 29, ""1"": 64}",0.5161290322580645,0.5447198275862069,0.5079365079365079,"[[18, 11], [34, 30]]"
visual_all,label_acacia_visual,embeddings,leave_area_out,SV_S3,extra_leaf3,307,93,"{""0"": 178, ""1"": 129}","{""0"": 29, ""1"": 64}",0.4946236559139785,0.5385237068965517,0.49085614443797315,"[[19, 10], [37, 27]]"
visual_all,label_acacia_visual,embeddings,leave_area_out,SV_S4,logistic_c0.1,364,36,"{""0"": 191, ""1"": 173}","{""0"": 16, ""1"": 20}",0.75,0.7375,0.7401764234161989,"[[10, 6], [3, 17]]"
visual_all,label_acacia_visual,embeddings,leave_area_out,SV_S4,logistic_c0.5,364,36,"{""0"": 191, ""1"": 173}","{""0"": 16, ""1"": 20}",0.8333333333333334,0.8125,0.8193979933110369,"[[10, 6], [0, 20]]"
visual_all,label_acacia_visual,embeddings,leave_area_out,SV_S4,svc_linearish,364,36,"{""0"": 191, ""1"": 173}","{""0"": 16, ""1"": 20}",0.75,0.71875,0.712511091393079,"[[7, 9], [0, 20]]"
visual_all,label_acacia_visual,embeddings,leave_area_out,SV_S4,svc_rbf_c0.5,364,36,"{""0"": 191, ""1"": 173}","{""0"": 16, ""1"": 20}",0.6666666666666666,0.675,0.6666666666666665,"[[12, 4], [8, 12]]"
visual_all,label_acacia_visual,embeddings,leave_area_out,SV_S4,rf_leaf3,364,36,"{""0"": 191, ""1"": 173}","{""0"": 16, ""1"": 20}",0.6666666666666666,0.68125,0.6656346749226006,"[[13, 3], [9, 11]]"
visual_all,label_acacia_visual,embeddings,leave_area_out,SV_S4,extra_leaf3,364,36,"{""0"": 191, ""1"": 173}","{""0"": 16, ""1"": 20}",0.6388888888888888,0.65,0.6386100386100386,"[[12, 4], [9, 11]]"
visual_all,label_acacia_visual,embeddings_plus_area,random,,logistic_c0.1,280,120,"{""0"": 145, ""1"": 135}","{""0"": 62, ""1"": 58}",0.7583333333333333,0.7600111234705228,0.7581821972065874,"[[44, 18], [11, 47]]"
visual_all,label_acacia_visual,embeddings_plus_area,random,,logistic_c0.5,280,120,"{""0"": 145, ""1"": 135}","{""0"": 62, ""1"": 58}",0.7416666666666667,0.7433259176863182,0.741505107358766,"[[43, 19], [12, 46]]"
visual_all,label_acacia_visual,embeddings_plus_area,random,,svc_linearish,280,120,"{""0"": 145, ""1"": 135}","{""0"": 62, ""1"": 58}",0.75,0.7513904338153504,0.7499305362600723,"[[44, 18], [12, 46]]"
visual_all,label_acacia_visual,embeddings_plus_area,random,,svc_rbf_c0.5,280,120,"{""0"": 145, ""1"": 135}","{""0"": 62, ""1"": 58}",0.7583333333333333,0.7600111234705228,0.7581821972065874,"[[44, 18], [11, 47]]"
visual_all,label_acacia_visual,embeddings_plus_area,random,,rf_leaf3,280,120,"{""0"": 145, ""1"": 135}","{""0"": 62, ""1"": 58}",0.7666666666666667,0.7675194660734149,0.7666666666666667,"[[46, 16], [12, 46]]"
visual_all,label_acacia_visual,embeddings_plus_area,random,,extra_leaf3,280,120,"{""0"": 145, ""1"": 135}","{""0"": 62, ""1"": 58}",0.75,0.7502780867630701,0.7499305362600722,"[[46, 16], [14, 44]]"
visual_all,label_acacia_visual,embeddings_plus_area,leave_area_out,SV_S1,logistic_c0.1,267,133,"{""0"": 121, ""1"": 146}","{""0"": 86, ""1"": 47}",0.6917293233082706,0.6265462642256309,0.6308806606647261,"[[73, 13], [28, 19]]"
visual_all,label_acacia_visual,embeddings_plus_area,leave_area_out,SV_S1,logistic_c0.5,267,133,"{""0"": 121, ""1"": 146}","{""0"": 86, ""1"": 47}",0.6691729323308271,0.5656853043047996,0.5473391089108911,"[[79, 7], [37, 10]]"
visual_all,label_acacia_visual,embeddings_plus_area,leave_area_out,SV_S1,svc_linearish,267,133,"{""0"": 121, ""1"": 146}","{""0"": 86, ""1"": 47}",0.6917293233082706,0.5879515091538843,0.5736179529282976,"[[81, 5], [36, 11]]"
visual_all,label_acacia_visual,embeddings_plus_area,leave_area_out,SV_S1,svc_rbf_c0.5,267,133,"{""0"": 121, ""1"": 146}","{""0"": 86, ""1"": 47}",0.5413533834586466,0.5633349826818407,0.5375890567113137,"[[42, 44], [17, 30]]"
visual_all,label_acacia_visual,embeddings_plus_area,leave_area_out,SV_S1,rf_leaf3,267,133,"{""0"": 121, ""1"": 146}","{""0"": 86, ""1"": 47}",0.46616541353383456,0.5051954477981198,0.46604467062482324,"[[32, 54], [17, 30]]"
visual_all,label_acacia_visual,embeddings_plus_area,leave_area_out,SV_S1,extra_leaf3,267,133,"{""0"": 121, ""1"": 146}","{""0"": 86, ""1"": 47}",0.5112781954887218,0.5690252350321623,0.5108357381316131,"[[32, 54], [11, 36]]"
visual_all,label_acacia_visual,embeddings_plus_area,leave_area_out,SV_S2,logistic_c0.1,262,138,"{""0"": 131, ""1"": 131}","{""0"": 76, ""1"": 62}",0.6231884057971014,0.6356112054329373,0.6219178082191781,"[[39, 37], [15, 47]]"
visual_all,label_acacia_visual,embeddings_plus_area,leave_area_out,SV_S2,logistic_c0.5,262,138,"{""0"": 131, ""1"": 131}","{""0"": 76, ""1"": 62}",0.6666666666666666,0.6676570458404074,0.6655426765015806,"[[50, 26], [20, 42]]"
visual_all,label_acacia_visual,embeddings_plus_area,leave_area_out,SV_S2,svc_linearish,262,138,"{""0"": 131, ""1"": 131}","{""0"": 76, ""1"": 62}",0.6231884057971014,0.6162988115449914,0.6166666666666667,"[[52, 24], [28, 34]]"
visual_all,label_acacia_visual,embeddings_plus_area,leave_area_out,SV_S2,svc_rbf_c0.5,262,138,"{""0"": 131, ""1"": 131}","{""0"": 76, ""1"": 62}",0.4855072463768116,0.5269524617996604,0.41128402331310454,"[[9, 67], [4, 58]]"
visual_all,label_acacia_visual,embeddings_plus_area,leave_area_out,SV_S2,rf_leaf3,262,138,"{""0"": 131, ""1"": 131}","{""0"": 76, ""1"": 62}",0.463768115942029,0.5042444821731749,0.3899641577060932,"[[8, 68], [6, 56]]"
visual_all,label_acacia_visual,embeddings_plus_area,leave_area_out,SV_S2,extra_leaf3,262,138,"{""0"": 131, ""1"": 131}","{""0"": 76, ""1"": 62}",0.463768115942029,0.5042444821731749,0.3899641577060932,"[[8, 68], [6, 56]]"
visual_all,label_acacia_visual,embeddings_plus_area,leave_area_out,SV_S3,logistic_c0.1,307,93,"{""0"": 178, ""1"": 129}","{""0"": 29, ""1"": 64}",0.4946236559139785,0.4913793103448276,0.47495495495495493,"[[14, 15], [32, 32]]"
visual_all,label_acacia_visual,embeddings_plus_area,leave_area_out,SV_S3,logistic_c0.5,307,93,"{""0"": 178, ""1"": 129}","{""0"": 29, ""1"": 64}",0.5806451612903226,0.5350215517241379,0.5319396051103369,"[[12, 17], [22, 42]]"
visual_all,label_acacia_visual,embeddings_plus_area,leave_area_out,SV_S3,svc_linearish,307,93,"{""0"": 178, ""1"": 129}","{""0"": 29, ""1"": 64}",0.5483870967741935,0.5115840517241379,0.5068181818181818,"[[12, 17], [25, 39]]"
visual_all,label_acacia_visual,embeddings_plus_area,leave_area_out,SV_S3,svc_rbf_c0.5,307,93,"{""0"": 178, ""1"": 129}","{""0"": 29, ""1"": 64}",0.5053763440860215,0.5369073275862069,0.498358348968105,"[[18, 11], [35, 29]]"
visual_all,label_acacia_visual,embeddings_plus_area,leave_area_out,SV_S3,rf_leaf3,307,93,"{""0"": 178, ""1"": 129}","{""0"": 29, ""1"": 64}",0.5053763440860215,0.5463362068965517,0.5007002801120448,"[[19, 10], [36, 28]]"
visual_all,label_acacia_visual,embeddings_plus_area,leave_area_out,SV_S3,extra_leaf3,307,93,"{""0"": 178, ""1"": 129}","{""0"": 29, ""1"": 64}",0.4838709677419355,0.5307112068965517,0.48093023255813955,"[[19, 10], [38, 26]]"
visual_all,label_acacia_visual,embeddings_plus_area,leave_area_out,SV_S4,logistic_c0.1,364,36,"{""0"": 191, ""1"": 173}","{""0"": 16, ""1"": 20}",0.7222222222222222,0.70625,0.7077922077922079,"[[9, 7], [3, 17]]"
visual_all,label_acacia_visual,embeddings_plus_area,leave_area_out,SV_S4,logistic_c0.5,364,36,"{""0"": 191, ""1"": 173}","{""0"": 16, ""1"": 20}",0.7222222222222222,0.7,0.6989966555183946,"[[8, 8], [2, 18]]"
visual_all,label_acacia_visual,embeddings_plus_area,leave_area_out,SV_S4,svc_linearish,364,36,"{""0"": 191, ""1"": 173}","{""0"": 16, ""1"": 20}",0.75,0.71875,0.712511091393079,"[[7, 9], [0, 20]]"
visual_all,label_acacia_visual,embeddings_plus_area,leave_area_out,SV_S4,svc_rbf_c0.5,364,36,"{""0"": 191, ""1"": 173}","{""0"": 16, ""1"": 20}",0.6388888888888888,0.65,0.6386100386100386,"[[12, 4], [9, 11]]"
visual_all,label_acacia_visual,embeddings_plus_area,leave_area_out,SV_S4,rf_leaf3,364,36,"{""0"": 191, ""1"": 173}","{""0"": 16, ""1"": 20}",0.6388888888888888,0.65,0.6386100386100386,"[[12, 4], [9, 11]]"
visual_all,label_acacia_visual,embeddings_plus_area,leave_area_out,SV_S4,extra_leaf3,364,36,"{""0"": 191, ""1"": 173}","{""0"": 16, ""1"": 20}",0.6388888888888888,0.65,0.6386100386100386,"[[12, 4], [9, 11]]"
visual_drop_smallest_quartile,label_acacia_visual,embeddings,random,,logistic_c0.1,210,90,"{""0"": 101, ""1"": 109}","{""0"": 43, ""1"": 47}",0.7,0.6949529935675408,0.6936073635102762,"[[25, 18], [9, 38]]"
visual_drop_smallest_quartile,label_acacia_visual,embeddings,random,,logistic_c0.5,210,90,"{""0"": 101, ""1"": 109}","{""0"": 43, ""1"": 47}",0.6444444444444445,0.6417615042058387,0.6416127426580389,"[[25, 18], [14, 33]]"
visual_drop_smallest_quartile,label_acacia_visual,embeddings,random,,svc_linearish,210,90,"{""0"": 101, ""1"": 109}","{""0"": 43, ""1"": 47}",0.6222222222222222,0.6204849084611579,0.6205357142857142,"[[25, 18], [16, 31]]"
visual_drop_smallest_quartile,label_acacia_visual,embeddings,random,,svc_rbf_c0.5,210,90,"{""0"": 101, ""1"": 109}","{""0"": 43, ""1"": 47}",0.6333333333333333,0.6271647699158832,0.6228571428571428,"[[21, 22], [11, 36]]"
visual_drop_smallest_quartile,label_acacia_visual,embeddings,random,,rf_leaf3,210,90,"{""0"": 101, ""1"": 109}","{""0"": 43, ""1"": 47}",0.7555555555555555,0.7501237011380505,0.7494939271255061,"[[27, 16], [6, 41]]"
visual_drop_smallest_quartile,label_acacia_visual,embeddings,random,,extra_leaf3,210,90,"{""0"": 101, ""1"": 109}","{""0"": 43, ""1"": 47}",0.7,0.693963384463137,0.6914285714285714,"[[24, 19], [8, 39]]"
visual_drop_smallest_quartile,label_acacia_visual,embeddings,leave_area_out,SV_S1,logistic_c0.1,199,101,"{""0"": 81, ""1"": 118}","{""0"": 63, ""1"": 38}",0.594059405940594,0.5179615705931495,0.4989715668481549,"[[52, 11], [30, 8]]"
visual_drop_smallest_quartile,label_acacia_visual,embeddings,leave_area_out,SV_S1,logistic_c0.5,199,101,"{""0"": 81, ""1"": 118}","{""0"": 63, ""1"": 38}",0.6435643564356436,0.552422723475355,0.521578947368421,"[[58, 5], [31, 7]]"
visual_drop_smallest_quartile,label_acacia_visual,embeddings,leave_area_out,SV_S1,svc_linearish,199,101,"{""0"": 81, ""1"": 118}","{""0"": 63, ""1"": 38}",0.6633663366336634,0.5735171261487051,0.5481578947368421,"[[59, 4], [30, 8]]"
visual_drop_smallest_quartile,label_acacia_visual,embeddings,leave_area_out,SV_S1,svc_rbf_c0.5,199,101,"{""0"": 81, ""1"": 118}","{""0"": 63, ""1"": 38}",0.49504950495049505,0.5064745196324144,0.49186149748446284,"[[29, 34], [17, 21]]"
visual_drop_smallest_quartile,label_acacia_visual,embeddings,leave_area_out,SV_S1,rf_leaf3,199,101,"{""0"": 81, ""1"": 118}","{""0"": 63, ""1"": 38}",0.46534653465346537,0.4826649958228906,0.4640330188679245,"[[26, 37], [17, 21]]"
visual_drop_smallest_quartile,label_acacia_visual,embeddings,leave_area_out,SV_S1,extra_leaf3,199,101,"{""0"": 81, ""1"": 118}","{""0"": 63, ""1"": 38}",0.504950495049505,0.5248538011695907,0.5037342767295598,"[[28, 35], [15, 23]]"
visual_drop_smallest_quartile,label_acacia_visual,embeddings,leave_area_out,SV_S2,logistic_c0.1,203,97,"{""0"": 98, ""1"": 105}","{""0"": 46, ""1"": 51}",0.6391752577319587,0.6302216538789429,0.6231546231546231,"[[21, 25], [10, 41]]"
visual_drop_smallest_quartile,label_acacia_visual,embeddings,leave_area_out,SV_S2,logistic_c0.5,203,97,"{""0"": 98, ""1"": 105}","{""0"": 46, ""1"": 51}",0.6185567010309279,0.6159420289855072,0.6159443552701979,"[[26, 20], [17, 34]]"
visual_drop_smallest_quartile,label_acacia_visual,embeddings,leave_area_out,SV_S2,svc_linearish,203,97,"{""0"": 98, ""1"": 105}","{""0"": 46, ""1"": 51}",0.6082474226804123,0.605072463768116,0.6048456260720412,"[[25, 21], [17, 34]]"
visual_drop_smallest_quartile,label_acacia_visual,embeddings,leave_area_out,SV_S2,svc_rbf_c0.5,203,97,"{""0"": 98, ""1"": 105}","{""0"": 46, ""1"": 51}",0.5876288659793815,0.5684143222506394,0.5081135902636917,"[[9, 37], [3, 48]]"
visual_drop_smallest_quartile,label_acacia_visual,embeddings,leave_area_out,SV_S2,rf_leaf3,203,97,"{""0"": 98, ""1"": 105}","{""0"": 46, ""1"": 51}",0.6082474226804123,0.5954816709292412,0.5753456221198157,"[[16, 30], [8, 43]]"
visual_drop_smallest_quartile,label_acacia_visual,embeddings,leave_area_out,SV_S2,extra_leaf3,203,97,"{""0"": 98, ""1"": 105}","{""0"": 46, ""1"": 51}",0.5876288659793815,0.5726768968456948,0.540719696969697,"[[13, 33], [7, 44]]"
visual_drop_smallest_quartile,label_acacia_visual,embeddings,leave_area_out,SV_S3,logistic_c0.1,231,69,"{""0"": 125, ""1"": 106}","{""0"": 19, ""1"": 50}",0.5797101449275363,0.5794736842105264,0.5490196078431372,"[[11, 8], [21, 29]]"
visual_drop_smallest_quartile,label_acacia_visual,embeddings,leave_area_out,SV_S3,logistic_c0.5,231,69,"{""0"": 125, ""1"": 106}","{""0"": 19, ""1"": 50}",0.6086956521739131,0.5505263157894738,0.5439412484700122,"[[8, 11], [16, 34]]"
visual_drop_smallest_quartile,label_acacia_visual,embeddings,leave_area_out,SV_S3,svc_linearish,231,69,"{""0"": 125, ""1"": 106}","{""0"": 19, ""1"": 50}",0.5507246376811594,0.5921052631578947,0.5367121507472384,"[[13, 6], [25, 25]]"
visual_drop_smallest_quartile,label_acacia_visual,embeddings,leave_area_out,SV_S3,svc_rbf_c0.5,231,69,"{""0"": 125, ""1"": 106}","{""0"": 19, ""1"": 50}",0.4782608695652174,0.5257894736842105,0.46923076923076923,"[[12, 7], [29, 21]]"
visual_drop_smallest_quartile,label_acacia_visual,embeddings,leave_area_out,SV_S3,rf_leaf3,231,69,"{""0"": 125, ""1"": 106}","{""0"": 19, ""1"": 50}",0.5507246376811594,0.5921052631578947,0.5367121507472384,"[[13, 6], [25, 25]]"
visual_drop_smallest_quartile,label_acacia_visual,embeddings,leave_area_out,SV_S3,extra_leaf3,231,69,"{""0"": 125, ""1"": 106}","{""0"": 19, ""1"": 50}",0.4782608695652174,0.5421052631578948,0.4728353140916808,"[[13, 6], [30, 20]]"
visual_drop_smallest_quartile,label_acacia_visual,embeddings,leave_area_out,SV_S4,logistic_c0.1,267,33,"{""0"": 128, ""1"": 139}","{""0"": 16, ""1"": 17}",0.7272727272727273,0.7242647058823529,0.7232059645852749,"[[10, 6], [3, 14]]"
visual_drop_smallest_quartile,label_acacia_visual,embeddings,leave_area_out,SV_S4,logistic_c0.5,267,33,"{""0"": 128, ""1"": 139}","{""0"": 16, ""1"": 17}",0.7272727272727273,0.7242647058823529,0.7232059645852749,"[[10, 6], [3, 14]]"
visual_drop_smallest_quartile,label_acacia_visual,embeddings,leave_area_out,SV_S4,svc_linearish,267,33,"{""0"": 128, ""1"": 139}","{""0"": 16, ""1"": 17}",0.6666666666666666,0.65625,0.6158730158730158,"[[5, 11], [0, 17]]"
visual_drop_smallest_quartile,label_acacia_visual,embeddings,leave_area_out,SV_S4,svc_rbf_c0.5,267,33,"{""0"": 128, ""1"": 139}","{""0"": 16, ""1"": 17}",0.7272727272727273,0.7261029411764706,0.7262672811059907,"[[11, 5], [4, 13]]"
visual_drop_smallest_quartile,label_acacia_visual,embeddings,leave_area_out,SV_S4,rf_leaf3,267,33,"{""0"": 128, ""1"": 139}","{""0"": 16, ""1"": 17}",0.696969696969697,0.6966911764705883,0.6966911764705883,"[[11, 5], [5, 12]]"
visual_drop_smallest_quartile,label_acacia_visual,embeddings,leave_area_out,SV_S4,extra_leaf3,267,33,"{""0"": 128, ""1"": 139}","{""0"": 16, ""1"": 17}",0.7272727272727273,0.7261029411764706,0.7262672811059907,"[[11, 5], [4, 13]]"
visual_drop_smallest_quartile,label_acacia_visual,embeddings_plus_area,random,,logistic_c0.1,210,90,"{""0"": 101, ""1"": 109}","{""0"": 43, ""1"": 47}",0.6777777777777778,0.6726867887184562,0.6709116126591854,"[[24, 19], [10, 37]]"
visual_drop_smallest_quartile,label_acacia_visual,embeddings_plus_area,random,,logistic_c0.5,210,90,"{""0"": 101, ""1"": 109}","{""0"": 43, ""1"": 47}",0.6555555555555556,0.6523998020781792,0.6520763187429854,"[[25, 18], [13, 34]]"
visual_drop_smallest_quartile,label_acacia_visual,embeddings_plus_area,random,,svc_linearish,210,90,"{""0"": 101, ""1"": 109}","{""0"": 43, ""1"": 47}",0.6111111111111112,0.6088570014844137,0.6087442553720034,"[[24, 19], [16, 31]]"
visual_drop_smallest_quartile,label_acacia_visual,embeddings_plus_area,random,,svc_rbf_c0.5,210,90,"{""0"": 101, ""1"": 109}","{""0"": 43, ""1"": 47}",0.6111111111111112,0.6048985650667986,0.6,"[[20, 23], [12, 35]]"
visual_drop_smallest_quartile,label_acacia_visual,embeddings_plus_area,random,,rf_leaf3,210,90,"{""0"": 101, ""1"": 109}","{""0"": 43, ""1"": 47}",0.7,0.6929737753587333,0.6889002688516195,"[[23, 20], [7, 40]]"
visual_drop_smallest_quartile,label_acacia_visual,embeddings_plus_area,random,,extra_leaf3,210,90,"{""0"": 101, ""1"": 109}","{""0"": 43, ""1"": 47}",0.7111111111111111,0.7055912914398812,0.7039473684210527,"[[25, 18], [8, 39]]"
visual_drop_smallest_quartile,label_acacia_visual,embeddings_plus_area,leave_area_out,SV_S1,logistic_c0.1,199,101,"{""0"": 81, ""1"": 118}","{""0"": 63, ""1"": 38}",0.5841584158415841,0.5048036758563074,0.4811643835616438,"[[52, 11], [31, 7]]"
visual_drop_smallest_quartile,label_acacia_visual,embeddings_plus_area,leave_area_out,SV_S1,logistic_c0.5,199,101,"{""0"": 81, ""1"": 118}","{""0"": 63, ""1"": 38}",0.6435643564356436,0.552422723475355,0.521578947368421,"[[58, 5], [31, 7]]"
visual_drop_smallest_quartile,label_acacia_visual,embeddings_plus_area,leave_area_out,SV_S1,svc_linearish,199,101,"{""0"": 81, ""1"": 118}","{""0"": 63, ""1"": 38}",0.6732673267326733,0.581453634085213,0.555422168867547,"[[60, 3], [30, 8]]"
visual_drop_smallest_quartile,label_acacia_visual,embeddings_plus_area,leave_area_out,SV_S1,svc_rbf_c0.5,199,101,"{""0"": 81, ""1"": 118}","{""0"": 63, ""1"": 38}",0.5148514851485149,0.5223475355054302,0.5100485100485102,"[[31, 32], [17, 21]]"
visual_drop_smallest_quartile,label_acacia_visual,embeddings_plus_area,leave_area_out,SV_S1,rf_leaf3,199,101,"{""0"": 81, ""1"": 118}","{""0"": 63, ""1"": 38}",0.504950495049505,0.5352965747702589,0.5049019607843137,"[[26, 37], [13, 25]]"
visual_drop_smallest_quartile,label_acacia_visual,embeddings_plus_area,leave_area_out,SV_S1,extra_leaf3,199,101,"{""0"": 81, ""1"": 118}","{""0"": 63, ""1"": 38}",0.46534653465346537,0.49832915622389307,0.46529411764705886,"[[23, 40], [14, 24]]"
visual_drop_smallest_quartile,label_acacia_visual,embeddings_plus_area,leave_area_out,SV_S2,logistic_c0.1,203,97,"{""0"": 98, ""1"": 105}","{""0"": 46, ""1"": 51}",0.6288659793814433,0.6193520886615516,0.6106155218554861,"[[20, 26], [10, 41]]"
visual_drop_smallest_quartile,label_acacia_visual,embeddings_plus_area,leave_area_out,SV_S2,logistic_c0.5,203,97,"{""0"": 98, ""1"": 105}","{""0"": 46, ""1"": 51}",0.6185567010309279,0.6138107416879796,0.6126281705342688,"[[24, 22], [15, 36]]"
visual_drop_smallest_quartile,label_acacia_visual,embeddings_plus_area,leave_area_out,SV_S2,svc_linearish,203,97,"{""0"": 98, ""1"": 105}","{""0"": 46, ""1"": 51}",0.6082474226804123,0.605072463768116,0.6048456260720412,"[[25, 21], [17, 34]]"
visual_drop_smallest_quartile,label_acacia_visual,embeddings_plus_area,leave_area_out,SV_S2,svc_rbf_c0.5,203,97,"{""0"": 98, ""1"": 105}","{""0"": 46, ""1"": 51}",0.5979381443298969,0.5803495311167945,0.5337113274990755,"[[11, 35], [4, 47]]"
visual_drop_smallest_quartile,label_acacia_visual,embeddings_plus_area,leave_area_out,SV_S2,rf_leaf3,203,97,"{""0"": 98, ""1"": 105}","{""0"": 46, ""1"": 51}",0.6185567010309279,0.6042199488491049,0.5782113056763427,"[[15, 31], [6, 45]]"
visual_drop_smallest_quartile,label_acacia_visual,embeddings_plus_area,leave_area_out,SV_S2,extra_leaf3,203,97,"{""0"": 98, ""1"": 105}","{""0"": 46, ""1"": 51}",0.5979381443298969,0.5803495311167945,0.5337113274990755,"[[11, 35], [4, 47]]"
visual_drop_smallest_quartile,label_acacia_visual,embeddings_plus_area,leave_area_out,SV_S3,logistic_c0.1,231,69,"{""0"": 125, ""1"": 106}","{""0"": 19, ""1"": 50}",0.5652173913043478,0.5531578947368421,0.5295454545454545,"[[10, 9], [21, 29]]"
visual_drop_smallest_quartile,label_acacia_visual,embeddings_plus_area,leave_area_out,SV_S3,logistic_c0.5,231,69,"{""0"": 125, ""1"": 106}","{""0"": 19, ""1"": 50}",0.6086956521739131,0.5342105263157895,0.5315564495851144,"[[7, 12], [15, 35]]"
visual_drop_smallest_quartile,label_acacia_visual,embeddings_plus_area,leave_area_out,SV_S3,svc_linearish,231,69,"{""0"": 125, ""1"": 106}","{""0"": 19, ""1"": 50}",0.5217391304347826,0.5068421052631579,0.486815415821501,"[[9, 10], [23, 27]]"
visual_drop_smallest_quartile,label_acacia_visual,embeddings_plus_area,leave_area_out,SV_S3,svc_rbf_c0.5,231,69,"{""0"": 125, ""1"": 106}","{""0"": 19, ""1"": 50}",0.4782608695652174,0.5257894736842105,0.46923076923076923,"[[12, 7], [29, 21]]"
visual_drop_smallest_quartile,label_acacia_visual,embeddings_plus_area,leave_area_out,SV_S3,rf_leaf3,231,69,"{""0"": 125, ""1"": 106}","{""0"": 19, ""1"": 50}",0.5652173913043478,0.5857894736842105,0.5436507936507937,"[[12, 7], [23, 27]]"
visual_drop_smallest_quartile,label_acacia_visual,embeddings_plus_area,leave_area_out,SV_S3,extra_leaf3,231,69,"{""0"": 125, ""1"": 106}","{""0"": 19, ""1"": 50}",0.4927536231884058,0.5357894736842105,0.48187084316670237,"[[12, 7], [28, 22]]"
visual_drop_smallest_quartile,label_acacia_visual,embeddings_plus_area,leave_area_out,SV_S4,logistic_c0.1,267,33,"{""0"": 128, ""1"": 139}","{""0"": 16, ""1"": 17}",0.7272727272727273,0.7242647058823529,0.7232059645852749,"[[10, 6], [3, 14]]"
visual_drop_smallest_quartile,label_acacia_visual,embeddings_plus_area,leave_area_out,SV_S4,logistic_c0.5,267,33,"{""0"": 128, ""1"": 139}","{""0"": 16, ""1"": 17}",0.6666666666666666,0.6617647058823529,0.6552706552706553,"[[8, 8], [3, 14]]"
visual_drop_smallest_quartile,label_acacia_visual,embeddings_plus_area,leave_area_out,SV_S4,svc_linearish,267,33,"{""0"": 128, ""1"": 139}","{""0"": 16, ""1"": 17}",0.6666666666666666,0.65625,0.6158730158730158,"[[5, 11], [0, 17]]"
visual_drop_smallest_quartile,label_acacia_visual,embeddings_plus_area,leave_area_out,SV_S4,svc_rbf_c0.5,267,33,"{""0"": 128, ""1"": 139}","{""0"": 16, ""1"": 17}",0.696969696969697,0.6966911764705883,0.6966911764705883,"[[11, 5], [5, 12]]"
visual_drop_smallest_quartile,label_acacia_visual,embeddings_plus_area,leave_area_out,SV_S4,rf_leaf3,267,33,"{""0"": 128, ""1"": 139}","{""0"": 16, ""1"": 17}",0.7575757575757576,0.7573529411764706,0.7573529411764706,"[[12, 4], [4, 13]]"
visual_drop_smallest_quartile,label_acacia_visual,embeddings_plus_area,leave_area_out,SV_S4,extra_leaf3,267,33,"{""0"": 128, ""1"": 139}","{""0"": 16, ""1"": 17}",0.6666666666666666,0.6636029411764706,0.6616961789375583,"[[9, 7], [4, 13]]"
visual_drop_smallest_half,label_acacia_visual,embeddings,random,,logistic_c0.1,140,60,"{""0"": 68, ""1"": 72}","{""0"": 29, ""1"": 31}",0.65,0.6512791991101223,0.6499027507641011,"[[20, 9], [12, 19]]"
visual_drop_smallest_half,label_acacia_visual,embeddings,random,,logistic_c0.5,140,60,"{""0"": 68, ""1"": 72}","{""0"": 29, ""1"": 31}",0.6666666666666666,0.6674082313681868,0.6666666666666667,"[[20, 9], [11, 20]]"
visual_drop_smallest_half,label_acacia_visual,embeddings,random,,svc_linearish,140,60,"{""0"": 68, ""1"": 72}","{""0"": 29, ""1"": 31}",0.7,0.7007786429365962,0.7,"[[21, 8], [10, 21]]"
visual_drop_smallest_half,label_acacia_visual,embeddings,random,,svc_rbf_c0.5,140,60,"{""0"": 68, ""1"": 72}","{""0"": 29, ""1"": 31}",0.7,0.7018909899888766,0.6996662958843158,"[[22, 7], [11, 20]]"
visual_drop_smallest_half,label_acacia_visual,embeddings,random,,rf_leaf3,140,60,"{""0"": 68, ""1"": 72}","{""0"": 29, ""1"": 31}",0.7166666666666667,0.7180200222469411,0.7165879410947487,"[[22, 7], [10, 21]]"
visual_drop_smallest_half,label_acacia_visual,embeddings,random,,extra_leaf3,140,60,"{""0"": 68, ""1"": 72}","{""0"": 29, ""1"": 31}",0.6666666666666666,0.6674082313681868,0.6666666666666667,"[[20, 9], [11, 20]]"
visual_drop_smallest_half,label_acacia_visual,embeddings,leave_area_out,SV_S1,logistic_c0.1,137,63,"{""0"": 53, ""1"": 84}","{""0"": 44, ""1"": 19}",0.746031746031746,0.638755980861244,0.6499999999999999,"[[40, 4], [12, 7]]"
visual_drop_smallest_half,label_acacia_visual,embeddings,leave_area_out,SV_S1,logistic_c0.5,137,63,"{""0"": 53, ""1"": 84}","{""0"": 44, ""1"": 19}",0.7301587301587301,0.597488038277512,0.5993265993265993,"[[41, 3], [14, 5]]"
visual_drop_smallest_half,label_acacia_visual,embeddings,leave_area_out,SV_S1,svc_linearish,137,63,"{""0"": 53, ""1"": 84}","{""0"": 44, ""1"": 19}",0.7777777777777778,0.631578947368421,0.6397058823529411,"[[44, 0], [14, 5]]"
visual_drop_smallest_half,label_acacia_visual,embeddings,leave_area_out,SV_S1,svc_rbf_c0.5,137,63,"{""0"": 53, ""1"": 84}","{""0"": 44, ""1"": 19}",0.6031746031746031,0.5514354066985645,0.5480631276901005,"[[30, 14], [11, 8]]"
visual_drop_smallest_half,label_acacia_visual,embeddings,leave_area_out,SV_S1,rf_leaf3,137,63,"{""0"": 53, ""1"": 84}","{""0"": 44, ""1"": 19}",0.5555555555555556,0.5921052631578947,0.5462962962962963,"[[22, 22], [6, 13]]"
visual_drop_smallest_half,label_acacia_visual,embeddings,leave_area_out,SV_S1,extra_leaf3,137,63,"{""0"": 53, ""1"": 84}","{""0"": 44, ""1"": 19}",0.5873015873015873,0.6148325358851674,0.5743243243243243,"[[24, 20], [6, 13]]"
visual_drop_smallest_half,label_acacia_visual,embeddings,leave_area_out,SV_S2,logistic_c0.1,135,65,"{""0"": 69, ""1"": 66}","{""0"": 28, ""1"": 37}",0.6615384615384615,0.6418918918918919,0.6425000000000001,"[[14, 14], [8, 29]]"
visual_drop_smallest_half,label_acacia_visual,embeddings,leave_area_out,SV_S2,logistic_c0.5,135,65,"{""0"": 69, ""1"": 66}","{""0"": 28, ""1"": 37}",0.6153846153846154,0.6143822393822393,0.6120792551921699,"[[17, 11], [14, 23]]"
visual_drop_smallest_half,label_acacia_visual,embeddings,leave_area_out,SV_S2,svc_linearish,135,65,"{""0"": 69, ""1"": 66}","{""0"": 28, ""1"": 37}",0.6615384615384615,0.6592664092664093,0.6575670498084292,"[[18, 10], [12, 25]]"
visual_drop_smallest_half,label_acacia_visual,embeddings,leave_area_out,SV_S2,svc_rbf_c0.5,135,65,"{""0"": 69, ""1"": 66}","{""0"": 28, ""1"": 37}",0.6307692307692307,0.6061776061776062,0.603658536585366,"[[12, 16], [8, 29]]"
visual_drop_smallest_half,label_acacia_visual,embeddings,leave_area_out,SV_S2,rf_leaf3,135,65,"{""0"": 69, ""1"": 66}","{""0"": 28, ""1"": 37}",0.6307692307692307,0.6061776061776062,0.603658536585366,"[[12, 16], [8, 29]]"
visual_drop_smallest_half,label_acacia_visual,embeddings,leave_area_out,SV_S2,extra_leaf3,135,65,"{""0"": 69, ""1"": 66}","{""0"": 28, ""1"": 37}",0.6615384615384615,0.6245173745173745,0.613095238095238,"[[10, 18], [4, 33]]"
visual_drop_smallest_half,label_acacia_visual,embeddings,leave_area_out,SV_S3,logistic_c0.1,157,43,"{""0"": 87, ""1"": 70}","{""0"": 10, ""1"": 33}",0.5348837209302325,0.5227272727272727,0.48809523809523814,"[[5, 5], [15, 18]]"
visual_drop_smallest_half,label_acacia_visual,embeddings,leave_area_out,SV_S3,logistic_c0.5,157,43,"{""0"": 87, ""1"": 70}","{""0"": 10, ""1"": 33}",0.6744186046511628,0.6484848484848484,0.6141025641025641,"[[6, 4], [10, 23]]"
visual_drop_smallest_half,label_acacia_visual,embeddings,leave_area_out,SV_S3,svc_linearish,157,43,"{""0"": 87, ""1"": 70}","{""0"": 10, ""1"": 33}",0.7441860465116279,0.6939393939393939,0.6735679779158039,"[[6, 4], [7, 26]]"
visual_drop_smallest_half,label_acacia_visual,embeddings,leave_area_out,SV_S3,svc_rbf_c0.5,157,43,"{""0"": 87, ""1"": 70}","{""0"": 10, ""1"": 33}",0.5813953488372093,0.5878787878787879,0.5392857142857144,"[[6, 4], [14, 19]]"
visual_drop_smallest_half,label_acacia_visual,embeddings,leave_area_out,SV_S3,rf_leaf3,157,43,"{""0"": 87, ""1"": 70}","{""0"": 10, ""1"": 33}",0.5116279069767442,0.5772727272727273,0.49411764705882355,"[[7, 3], [18, 15]]"
visual_drop_smallest_half,label_acacia_visual,embeddings,leave_area_out,SV_S3,extra_leaf3,157,43,"{""0"": 87, ""1"": 70}","{""0"": 10, ""1"": 33}",0.5116279069767442,0.5772727272727273,0.49411764705882355,"[[7, 3], [18, 15]]"
visual_drop_smallest_half,label_acacia_visual,embeddings,leave_area_out,SV_S4,logistic_c0.1,171,29,"{""0"": 82, ""1"": 89}","{""0"": 15, ""1"": 14}",0.7586206896551724,0.7595238095238095,0.7586206896551724,"[[11, 4], [3, 11]]"
visual_drop_smallest_half,label_acacia_visual,embeddings,leave_area_out,SV_S4,logistic_c0.5,171,29,"{""0"": 82, ""1"": 89}","{""0"": 15, ""1"": 14}",0.6206896551724138,0.6261904761904762,0.6133333333333334,"[[7, 8], [3, 11]]"
visual_drop_smallest_half,label_acacia_visual,embeddings,leave_area_out,SV_S4,svc_linearish,171,29,"{""0"": 82, ""1"": 89}","{""0"": 15, ""1"": 14}",0.6551724137931034,0.6666666666666666,0.618421052631579,"[[5, 10], [0, 14]]"
visual_drop_smallest_half,label_acacia_visual,embeddings,leave_area_out,SV_S4,svc_rbf_c0.5,171,29,"{""0"": 82, ""1"": 89}","{""0"": 15, ""1"": 14}",0.6896551724137931,0.6857142857142857,0.6836363636363636,"[[12, 3], [6, 8]]"
visual_drop_smallest_half,label_acacia_visual,embeddings,leave_area_out,SV_S4,rf_leaf3,171,29,"{""0"": 82, ""1"": 89}","{""0"": 15, ""1"": 14}",0.6896551724137931,0.6857142857142857,0.6836363636363636,"[[12, 3], [6, 8]]"
visual_drop_smallest_half,label_acacia_visual,embeddings,leave_area_out,SV_S4,extra_leaf3,171,29,"{""0"": 82, ""1"": 89}","{""0"": 15, ""1"": 14}",0.6206896551724138,0.6214285714285714,0.6206896551724138,"[[9, 6], [5, 9]]"
visual_drop_smallest_half,label_acacia_visual,embeddings_plus_area,random,,logistic_c0.1,140,60,"{""0"": 68, ""1"": 72}","{""0"": 29, ""1"": 31}",0.6666666666666666,0.6674082313681868,0.6666666666666667,"[[20, 9], [11, 20]]"
visual_drop_smallest_half,label_acacia_visual,embeddings_plus_area,random,,logistic_c0.5,140,60,"{""0"": 68, ""1"": 72}","{""0"": 29, ""1"": 31}",0.6666666666666666,0.6674082313681868,0.6666666666666667,"[[20, 9], [11, 20]]"
visual_drop_smallest_half,label_acacia_visual,embeddings_plus_area,random,,svc_linearish,140,60,"{""0"": 68, ""1"": 72}","{""0"": 29, ""1"": 31}",0.7166666666666667,0.7169076751946608,0.7165879410947485,"[[21, 8], [9, 22]]"
visual_drop_smallest_half,label_acacia_visual,embeddings_plus_area,random,,svc_rbf_c0.5,140,60,"{""0"": 68, ""1"": 72}","{""0"": 29, ""1"": 31}",0.7,0.7018909899888766,0.6996662958843158,"[[22, 7], [11, 20]]"
visual_drop_smallest_half,label_acacia_visual,embeddings_plus_area,random,,rf_leaf3,140,60,"{""0"": 68, ""1"": 72}","{""0"": 29, ""1"": 31}",0.7333333333333333,0.7352614015572858,0.7330367074527253,"[[23, 6], [10, 21]]"
visual_drop_smallest_half,label_acacia_visual,embeddings_plus_area,random,,extra_leaf3,140,60,"{""0"": 68, ""1"": 72}","{""0"": 29, ""1"": 31}",0.7166666666666667,0.7191323692992213,0.7159565580618212,"[[23, 6], [11, 20]]"
visual_drop_smallest_half,label_acacia_visual,embeddings_plus_area,leave_area_out,SV_S1,logistic_c0.1,137,63,"{""0"": 53, ""1"": 84}","{""0"": 44, ""1"": 19}",0.746031746031746,0.638755980861244,0.6499999999999999,"[[40, 4], [12, 7]]"
visual_drop_smallest_half,label_acacia_visual,embeddings_plus_area,leave_area_out,SV_S1,logistic_c0.5,137,63,"{""0"": 53, ""1"": 84}","{""0"": 44, ""1"": 19}",0.7619047619047619,0.6202153110047847,0.6257425742574257,"[[43, 1], [14, 5]]"
visual_drop_smallest_half,label_acacia_visual,embeddings_plus_area,leave_area_out,SV_S1,svc_linearish,137,63,"{""0"": 53, ""1"": 84}","{""0"": 44, ""1"": 19}",0.746031746031746,0.6088516746411483,0.6123076923076922,"[[42, 2], [14, 5]]"
visual_drop_smallest_half,label_acacia_visual,embeddings_plus_area,leave_area_out,SV_S1,svc_rbf_c0.5,137,63,"{""0"": 53, ""1"": 84}","{""0"": 44, ""1"": 19}",0.6349206349206349,0.5891148325358851,0.5842180774748924,"[[31, 13], [10, 9]]"
visual_drop_smallest_half,label_acacia_visual,embeddings_plus_area,leave_area_out,SV_S1,rf_leaf3,137,63,"{""0"": 53, ""1"": 84}","{""0"": 44, ""1"": 19}",0.5238095238095238,0.569377990430622,0.5178571428571428,"[[20, 24], [6, 13]]"
visual_drop_smallest_half,label_acacia_visual,embeddings_plus_area,leave_area_out,SV_S1,extra_leaf3,137,63,"{""0"": 53, ""1"": 84}","{""0"": 44, ""1"": 19}",0.49206349206349204,0.5017942583732058,0.4760914760914762,"[[21, 23], [9, 10]]"
visual_drop_smallest_half,label_acacia_visual,embeddings_plus_area,leave_area_out,SV_S2,logistic_c0.1,135,65,"{""0"": 69, ""1"": 66}","{""0"": 28, ""1"": 37}",0.676923076923077,0.6554054054054055,0.656084656084656,"[[14, 14], [7, 30]]"
visual_drop_smallest_half,label_acacia_visual,embeddings_plus_area,leave_area_out,SV_S2,logistic_c0.5,135,65,"{""0"": 69, ""1"": 66}","{""0"": 28, ""1"": 37}",0.6,0.5965250965250966,0.5953065134099615,"[[16, 12], [14, 23]]"
visual_drop_smallest_half,label_acacia_visual,embeddings_plus_area,leave_area_out,SV_S2,svc_linearish,135,65,"{""0"": 69, ""1"": 66}","{""0"": 28, ""1"": 37}",0.6153846153846154,0.6013513513513513,0.6018132810585641,"[[14, 14], [11, 26]]"
visual_drop_smallest_half,label_acacia_visual,embeddings_plus_area,leave_area_out,SV_S2,svc_rbf_c0.5,135,65,"{""0"": 69, ""1"": 66}","{""0"": 28, ""1"": 37}",0.6307692307692307,0.6061776061776062,0.603658536585366,"[[12, 16], [8, 29]]"
visual_drop_smallest_half,label_acacia_visual,embeddings_plus_area,leave_area_out,SV_S2,rf_leaf3,135,65,"{""0"": 69, ""1"": 66}","{""0"": 28, ""1"": 37}",0.6461538461538462,0.6196911196911197,0.6167649320687003,"[[12, 16], [7, 30]]"
visual_drop_smallest_half,label_acacia_visual,embeddings_plus_area,leave_area_out,SV_S2,extra_leaf3,135,65,"{""0"": 69, ""1"": 66}","{""0"": 28, ""1"": 37}",0.6615384615384615,0.6288610038610039,0.622093023255814,"[[11, 17], [5, 32]]"
visual_drop_smallest_half,label_acacia_visual,embeddings_plus_area,leave_area_out,SV_S3,logistic_c0.1,157,43,"{""0"": 87, ""1"": 70}","{""0"": 10, ""1"": 33}",0.5348837209302325,0.5575757575757576,0.5023148148148148,"[[6, 4], [16, 17]]"
visual_drop_smallest_half,label_acacia_visual,embeddings_plus_area,leave_area_out,SV_S3,logistic_c0.5,157,43,"{""0"": 87, ""1"": 70}","{""0"": 10, ""1"": 33}",0.6511627906976745,0.6333333333333333,0.5951035781544256,"[[6, 4], [11, 22]]"
visual_drop_smallest_half,label_acacia_visual,embeddings_plus_area,leave_area_out,SV_S3,svc_linearish,157,43,"{""0"": 87, ""1"": 70}","{""0"": 10, ""1"": 33}",0.5813953488372093,0.6575757575757576,0.5622171945701357,"[[8, 2], [16, 17]]"
visual_drop_smallest_half,label_acacia_visual,embeddings_plus_area,leave_area_out,SV_S3,svc_rbf_c0.5,157,43,"{""0"": 87, ""1"": 70}","{""0"": 10, ""1"": 33}",0.5813953488372093,0.5878787878787879,0.5392857142857144,"[[6, 4], [14, 19]]"
visual_drop_smallest_half,label_acacia_visual,embeddings_plus_area,leave_area_out,SV_S3,rf_leaf3,157,43,"{""0"": 87, ""1"": 70}","{""0"": 10, ""1"": 33}",0.5348837209302325,0.5924242424242424,0.5135746606334841,"[[7, 3], [17, 16]]"
visual_drop_smallest_half,label_acacia_visual,embeddings_plus_area,leave_area_out,SV_S3,extra_leaf3,157,43,"{""0"": 87, ""1"": 70}","{""0"": 10, ""1"": 33}",0.5348837209302325,0.5924242424242424,0.5135746606334841,"[[7, 3], [17, 16]]"
visual_drop_smallest_half,label_acacia_visual,embeddings_plus_area,leave_area_out,SV_S4,logistic_c0.1,171,29,"{""0"": 82, ""1"": 89}","{""0"": 15, ""1"": 14}",0.7241379310344828,0.7261904761904762,0.7238095238095238,"[[10, 5], [3, 11]]"
visual_drop_smallest_half,label_acacia_visual,embeddings_plus_area,leave_area_out,SV_S4,logistic_c0.5,171,29,"{""0"": 82, ""1"": 89}","{""0"": 15, ""1"": 14}",0.6206896551724138,0.6261904761904762,0.6133333333333334,"[[7, 8], [3, 11]]"
visual_drop_smallest_half,label_acacia_visual,embeddings_plus_area,leave_area_out,SV_S4,svc_linearish,171,29,"{""0"": 82, ""1"": 89}","{""0"": 15, ""1"": 14}",0.6206896551724138,0.6309523809523809,0.5894465894465893,"[[5, 10], [1, 13]]"
visual_drop_smallest_half,label_acacia_visual,embeddings_plus_area,leave_area_out,SV_S4,svc_rbf_c0.5,171,29,"{""0"": 82, ""1"": 89}","{""0"": 15, ""1"": 14}",0.6896551724137931,0.6857142857142857,0.6836363636363636,"[[12, 3], [6, 8]]"
visual_drop_smallest_half,label_acacia_visual,embeddings_plus_area,leave_area_out,SV_S4,rf_leaf3,171,29,"{""0"": 82, ""1"": 89}","{""0"": 15, ""1"": 14}",0.6551724137931034,0.6523809523809523,0.6514423076923077,"[[11, 4], [6, 8]]"
visual_drop_smallest_half,label_acacia_visual,embeddings_plus_area,leave_area_out,SV_S4,extra_leaf3,171,29,"{""0"": 82, ""1"": 89}","{""0"": 15, ""1"": 14}",0.6206896551724138,0.6214285714285714,0.6206896551724138,"[[9, 6], [5, 9]]"
visual_cluster_agree,label_acacia_visual,embeddings,random,,logistic_c0.1,240,104,"{""0"": 129, ""1"": 111}","{""0"": 56, ""1"": 48}",0.6826923076923077,0.6845238095238095,0.6824280558897011,"[[37, 19], [14, 34]]"
visual_cluster_agree,label_acacia_visual,embeddings,random,,logistic_c0.5,240,104,"{""0"": 129, ""1"": 111}","{""0"": 56, ""1"": 48}",0.6826923076923077,0.6830357142857143,0.6819571865443426,"[[38, 18], [15, 33]]"
visual_cluster_agree,label_acacia_visual,embeddings,random,,svc_linearish,240,104,"{""0"": 129, ""1"": 111}","{""0"": 56, ""1"": 48}",0.7115384615384616,0.7172619047619048,0.7114317425083241,"[[36, 20], [10, 38]]"
visual_cluster_agree,label_acacia_visual,embeddings,random,,svc_rbf_c0.5,240,104,"{""0"": 129, ""1"": 111}","{""0"": 56, ""1"": 48}",0.6442307692307693,0.6458333333333333,0.6439344869066346,"[[35, 21], [16, 32]]"
visual_cluster_agree,label_acacia_visual,embeddings,random,,rf_leaf3,240,104,"{""0"": 129, ""1"": 111}","{""0"": 56, ""1"": 48}",0.6634615384615384,0.6622023809523809,0.6619299712083218,"[[38, 18], [17, 31]]"
visual_cluster_agree,label_acacia_visual,embeddings,random,,extra_leaf3,240,104,"{""0"": 129, ""1"": 111}","{""0"": 56, ""1"": 48}",0.6538461538461539,0.6502976190476191,0.6506159014557671,"[[39, 17], [19, 29]]"
visual_cluster_agree,label_acacia_visual,embeddings,leave_area_out,SV_S1,logistic_c0.1,227,117,"{""0"": 106, ""1"": 121}","{""0"": 79, ""1"": 38}",0.5555555555555556,0.6230846102598268,0.5552631578947368,"[[34, 45], [7, 31]]"
visual_cluster_agree,label_acacia_visual,embeddings,leave_area_out,SV_S1,logistic_c0.5,227,117,"{""0"": 106, ""1"": 121}","{""0"": 79, ""1"": 38}",0.5299145299145299,0.6109260493004663,0.5297771282426014,"[[30, 49], [6, 32]]"
visual_cluster_agree,label_acacia_visual,embeddings,leave_area_out,SV_S1,svc_linearish,227,117,"{""0"": 106, ""1"": 121}","{""0"": 79, ""1"": 38}",0.36752136752136755,0.5043304463690873,0.3372627066748316,"[[9, 70], [4, 34]]"
visual_cluster_agree,label_acacia_visual,embeddings,leave_area_out,SV_S1,svc_rbf_c0.5,227,117,"{""0"": 106, ""1"": 121}","{""0"": 79, ""1"": 38}",0.6666666666666666,0.6439040639573618,0.6359211681161733,"[[56, 23], [16, 22]]"
visual_cluster_agree,label_acacia_visual,embeddings,leave_area_out,SV_S1,rf_leaf3,227,117,"{""0"": 106, ""1"": 121}","{""0"": 79, ""1"": 38}",0.41025641025641024,0.4745169886742172,0.41008403361344536,"[[23, 56], [13, 25]]"
visual_cluster_agree,label_acacia_visual,embeddings,leave_area_out,SV_S1,extra_leaf3,227,117,"{""0"": 106, ""1"": 121}","{""0"": 79, ""1"": 38}",0.46153846153846156,0.5466355762824784,0.4601186552406064,"[[24, 55], [8, 30]]"
visual_cluster_agree,label_acacia_visual,embeddings,leave_area_out,SV_S2,logistic_c0.1,223,121,"{""0"": 115, ""1"": 108}","{""0"": 70, ""1"": 51}",0.6694214876033058,0.6903361344537815,0.6692181519956261,"[[39, 31], [9, 42]]"
visual_cluster_agree,label_acacia_visual,embeddings,leave_area_out,SV_S2,logistic_c0.5,223,121,"{""0"": 115, ""1"": 108}","{""0"": 70, ""1"": 51}",0.6859504132231405,0.688655462184874,0.6833333333333333,"[[47, 23], [15, 36]]"
visual_cluster_agree,label_acacia_visual,embeddings,leave_area_out,SV_S2,svc_linearish,223,121,"{""0"": 115, ""1"": 108}","{""0"": 70, ""1"": 51}",0.6776859504132231,0.6682072829131652,0.6686328207288814,"[[51, 19], [20, 31]]"
visual_cluster_agree,label_acacia_visual,embeddings,leave_area_out,SV_S2,svc_rbf_c0.5,223,121,"{""0"": 115, ""1"": 108}","{""0"": 70, ""1"": 51}",0.48760330578512395,0.5491596638655463,0.43474984930681126,"[[11, 59], [3, 48]]"
visual_cluster_agree,label_acacia_visual,embeddings,leave_area_out,SV_S2,rf_leaf3,223,121,"{""0"": 115, ""1"": 108}","{""0"": 70, ""1"": 51}",0.5619834710743802,0.6028011204481794,0.5496804999648901,"[[24, 46], [7, 44]]"
visual_cluster_agree,label_acacia_visual,embeddings,leave_area_out,SV_S2,extra_leaf3,223,121,"{""0"": 115, ""1"": 108}","{""0"": 70, ""1"": 51}",0.5537190082644629,0.5956582633053221,0.5398591549295775,"[[23, 47], [7, 44]]"
visual_cluster_agree,label_acacia_visual,embeddings,leave_area_out,SV_S3,logistic_c0.1,270,74,"{""0"": 161, ""1"": 109}","{""0"": 24, ""1"": 50}",0.527027027027027,0.5416666666666667,0.5163398692810457,"[[14, 10], [25, 25]]"
visual_cluster_agree,label_acacia_visual,embeddings,leave_area_out,SV_S3,logistic_c0.5,270,74,"{""0"": 161, ""1"": 109}","{""0"": 24, ""1"": 50}",0.6216216216216216,0.6225,0.6030651340996169,"[[15, 9], [19, 31]]"
visual_cluster_agree,label_acacia_visual,embeddings,leave_area_out,SV_S3,svc_linearish,270,74,"{""0"": 161, ""1"": 109}","{""0"": 24, ""1"": 50}",0.5,0.5216666666666667,0.49249304911955516,"[[14, 10], [27, 23]]"
visual_cluster_agree,label_acacia_visual,embeddings,leave_area_out,SV_S3,svc_rbf_c0.5,270,74,"{""0"": 161, ""1"": 109}","{""0"": 24, ""1"": 50}",0.5540540540540541,0.5941666666666667,0.5500276395798784,"[[17, 7], [26, 24]]"
visual_cluster_agree,label_acacia_visual,embeddings,leave_area_out,SV_S3,rf_leaf3,270,74,"{""0"": 161, ""1"": 109}","{""0"": 24, ""1"": 50}",0.5540540540540541,0.5941666666666667,0.5500276395798784,"[[17, 7], [26, 24]]"
visual_cluster_agree,label_acacia_visual,embeddings,leave_area_out,SV_S3,extra_leaf3,270,74,"{""0"": 161, ""1"": 109}","{""0"": 24, ""1"": 50}",0.5,0.5541666666666667,0.4991768794585696,"[[17, 7], [30, 20]]"
visual_cluster_agree,label_acacia_visual,embeddings,leave_area_out,SV_S4,logistic_c0.1,312,32,"{""0"": 173, ""1"": 139}","{""0"": 12, ""1"": 20}",0.78125,0.775,0.7702564102564102,"[[9, 3], [4, 16]]"
visual_cluster_agree,label_acacia_visual,embeddings,leave_area_out,SV_S4,logistic_c0.5,312,32,"{""0"": 173, ""1"": 139}","{""0"": 12, ""1"": 20}",0.84375,0.825,0.8303287380699893,"[[9, 3], [2, 18]]"
visual_cluster_agree,label_acacia_visual,embeddings,leave_area_out,SV_S4,svc_linearish,312,32,"{""0"": 173, ""1"": 139}","{""0"": 12, ""1"": 20}",0.78125,0.7083333333333334,0.7196495619524406,"[[5, 7], [0, 20]]"
visual_cluster_agree,label_acacia_visual,embeddings,leave_area_out,SV_S4,svc_rbf_c0.5,312,32,"{""0"": 173, ""1"": 139}","{""0"": 12, ""1"": 20}",0.65625,0.675,0.6532019704433498,"[[9, 3], [8, 12]]"
visual_cluster_agree,label_acacia_visual,embeddings,leave_area_out,SV_S4,rf_leaf3,312,32,"{""0"": 173, ""1"": 139}","{""0"": 12, ""1"": 20}",0.6875,0.7166666666666667,0.6862745098039216,"[[10, 2], [8, 12]]"
visual_cluster_agree,label_acacia_visual,embeddings,leave_area_out,SV_S4,extra_leaf3,312,32,"{""0"": 173, ""1"": 139}","{""0"": 12, ""1"": 20}",0.625,0.6333333333333333,0.6190476190476191,"[[8, 4], [8, 12]]"
visual_cluster_agree,label_acacia_visual,embeddings_plus_area,random,,logistic_c0.1,240,104,"{""0"": 129, ""1"": 111}","{""0"": 56, ""1"": 48}",0.6634615384615384,0.6636904761904762,0.662681864516727,"[[37, 19], [16, 32]]"
visual_cluster_agree,label_acacia_visual,embeddings_plus_area,random,,logistic_c0.5,240,104,"{""0"": 129, ""1"": 111}","{""0"": 56, ""1"": 48}",0.7019230769230769,0.7023809523809523,0.7012325085719582,"[[39, 17], [14, 34]]"
visual_cluster_agree,label_acacia_visual,embeddings_plus_area,random,,svc_linearish,240,104,"{""0"": 129, ""1"": 111}","{""0"": 56, ""1"": 48}",0.7019230769230769,0.7038690476190477,0.7016748403812343,"[[38, 18], [13, 35]]"
visual_cluster_agree,label_acacia_visual,embeddings_plus_area,random,,svc_rbf_c0.5,240,104,"{""0"": 129, ""1"": 111}","{""0"": 56, ""1"": 48}",0.6346153846153846,0.6354166666666667,0.6340740740740741,"[[35, 21], [17, 31]]"
visual_cluster_agree,label_acacia_visual,embeddings_plus_area,random,,rf_leaf3,240,104,"{""0"": 129, ""1"": 111}","{""0"": 56, ""1"": 48}",0.6826923076923077,0.6785714285714286,0.6791023842917251,"[[41, 15], [18, 30]]"
visual_cluster_agree,label_acacia_visual,embeddings_plus_area,random,,extra_leaf3,240,104,"{""0"": 129, ""1"": 111}","{""0"": 56, ""1"": 48}",0.6730769230769231,0.6696428571428572,0.6700261291526689,"[[40, 16], [18, 30]]"
visual_cluster_agree,label_acacia_visual,embeddings_plus_area,leave_area_out,SV_S1,logistic_c0.1,227,117,"{""0"": 106, ""1"": 121}","{""0"": 79, ""1"": 38}",0.5555555555555556,0.6094270486342439,0.5539589442815249,"[[36, 43], [9, 29]]"
visual_cluster_agree,label_acacia_visual,embeddings_plus_area,leave_area_out,SV_S1,logistic_c0.5,227,117,"{""0"": 106, ""1"": 121}","{""0"": 79, ""1"": 38}",0.47863247863247865,0.5729513657561626,0.4761834862385321,"[[24, 55], [6, 32]]"
visual_cluster_agree,label_acacia_visual,embeddings_plus_area,leave_area_out,SV_S1,svc_linearish,227,117,"{""0"": 106, ""1"": 121}","{""0"": 79, ""1"": 38}",0.5811965811965812,0.6147568287808127,0.5751130215667384,"[[41, 38], [11, 27]]"
visual_cluster_agree,label_acacia_visual,embeddings_plus_area,leave_area_out,SV_S1,svc_rbf_c0.5,227,117,"{""0"": 106, ""1"": 121}","{""0"": 79, ""1"": 38}",0.6239316239316239,0.6190872751499001,0.6027777777777777,"[[50, 29], [15, 23]]"
visual_cluster_agree,label_acacia_visual,embeddings_plus_area,leave_area_out,SV_S1,rf_leaf3,227,117,"{""0"": 106, ""1"": 121}","{""0"": 79, ""1"": 38}",0.49572649572649574,0.5651232511658895,0.49572649572649574,"[[29, 50], [9, 29]]"
visual_cluster_agree,label_acacia_visual,embeddings_plus_area,leave_area_out,SV_S1,extra_leaf3,227,117,"{""0"": 106, ""1"": 121}","{""0"": 79, ""1"": 38}",0.49572649572649574,0.5651232511658895,0.49572649572649574,"[[29, 50], [9, 29]]"
visual_cluster_agree,label_acacia_visual,embeddings_plus_area,leave_area_out,SV_S2,logistic_c0.1,223,121,"{""0"": 115, ""1"": 108}","{""0"": 70, ""1"": 51}",0.6694214876033058,0.6903361344537815,0.6692181519956261,"[[39, 31], [9, 42]]"
visual_cluster_agree,label_acacia_visual,embeddings_plus_area,leave_area_out,SV_S2,logistic_c0.5,223,121,"{""0"": 115, ""1"": 108}","{""0"": 70, ""1"": 51}",0.6942148760330579,0.6984593837535014,0.6921119592875318,"[[47, 23], [14, 37]]"
visual_cluster_agree,label_acacia_visual,embeddings_plus_area,leave_area_out,SV_S2,svc_linearish,223,121,"{""0"": 115, ""1"": 108}","{""0"": 70, ""1"": 51}",0.6859504132231405,0.6753501400560225,0.6761971830985916,"[[52, 18], [20, 31]]"
visual_cluster_agree,label_acacia_visual,embeddings_plus_area,leave_area_out,SV_S2,svc_rbf_c0.5,223,121,"{""0"": 115, ""1"": 108}","{""0"": 70, ""1"": 51}",0.5041322314049587,0.5634453781512605,0.4588550983899822,"[[13, 57], [3, 48]]"
visual_cluster_agree,label_acacia_visual,embeddings_plus_area,leave_area_out,SV_S2,rf_leaf3,223,121,"{""0"": 115, ""1"": 108}","{""0"": 70, ""1"": 51}",0.5867768595041323,0.6189075630252101,0.5819513543394141,"[[29, 41], [9, 42]]"
visual_cluster_agree,label_acacia_visual,embeddings_plus_area,leave_area_out,SV_S2,extra_leaf3,223,121,"{""0"": 115, ""1"": 108}","{""0"": 70, ""1"": 51}",0.5371900826446281,0.5813725490196079,0.5198412698412698,"[[21, 49], [7, 44]]"
visual_cluster_agree,label_acacia_visual,embeddings_plus_area,leave_area_out,SV_S3,logistic_c0.1,270,74,"{""0"": 161, ""1"": 109}","{""0"": 24, ""1"": 50}",0.5540540540540541,0.5725,0.5439775910364145,"[[15, 9], [24, 26]]"
visual_cluster_agree,label_acacia_visual,embeddings_plus_area,leave_area_out,SV_S3,logistic_c0.5,270,74,"{""0"": 161, ""1"": 109}","{""0"": 24, ""1"": 50}",0.5945945945945946,0.6025,0.5795454545454546,"[[15, 9], [21, 29]]"
visual_cluster_agree,label_acacia_visual,embeddings_plus_area,leave_area_out,SV_S3,svc_linearish,270,74,"{""0"": 161, ""1"": 109}","{""0"": 24, ""1"": 50}",0.5945945945945946,0.635,0.5898004434589801,"[[18, 6], [24, 26]]"
visual_cluster_agree,label_acacia_visual,embeddings_plus_area,leave_area_out,SV_S3,svc_rbf_c0.5,270,74,"{""0"": 161, ""1"": 109}","{""0"": 24, ""1"": 50}",0.527027027027027,0.5633333333333334,0.5227565874332043,"[[16, 8], [27, 23]]"
visual_cluster_agree,label_acacia_visual,embeddings_plus_area,leave_area_out,SV_S3,rf_leaf3,270,74,"{""0"": 161, ""1"": 109}","{""0"": 24, ""1"": 50}",0.5405405405405406,0.5841666666666667,0.5375,"[[17, 7], [27, 23]]"
visual_cluster_agree,label_acacia_visual,embeddings_plus_area,leave_area_out,SV_S3,extra_leaf3,270,74,"{""0"": 161, ""1"": 109}","{""0"": 24, ""1"": 50}",0.4864864864864865,0.5549999999999999,0.48648648648648657,"[[18, 6], [32, 18]]"
visual_cluster_agree,label_acacia_visual,embeddings_plus_area,leave_area_out,SV_S4,logistic_c0.1,312,32,"{""0"": 173, ""1"": 139}","{""0"": 12, ""1"": 20}",0.75,0.7166666666666667,0.722943722943723,"[[7, 5], [3, 17]]"
visual_cluster_agree,label_acacia_visual,embeddings_plus_area,leave_area_out,SV_S4,logistic_c0.5,312,32,"{""0"": 173, ""1"": 139}","{""0"": 12, ""1"": 20}",0.78125,0.7583333333333333,0.7624602332979852,"[[8, 4], [3, 17]]"
visual_cluster_agree,label_acacia_visual,embeddings_plus_area,leave_area_out,SV_S4,svc_linearish,312,32,"{""0"": 173, ""1"": 139}","{""0"": 12, ""1"": 20}",0.8125,0.75,0.7681159420289856,"[[6, 6], [0, 20]]"
visual_cluster_agree,label_acacia_visual,embeddings_plus_area,leave_area_out,SV_S4,svc_rbf_c0.5,312,32,"{""0"": 173, ""1"": 139}","{""0"": 12, ""1"": 20}",0.625,0.65,0.6235294117647059,"[[9, 3], [9, 11]]"
visual_cluster_agree,label_acacia_visual,embeddings_plus_area,leave_area_out,SV_S4,rf_leaf3,312,32,"{""0"": 173, ""1"": 139}","{""0"": 12, ""1"": 20}",0.65625,0.675,0.6532019704433498,"[[9, 3], [8, 12]]"
visual_cluster_agree,label_acacia_visual,embeddings_plus_area,leave_area_out,SV_S4,extra_leaf3,312,32,"{""0"": 173, ""1"": 139}","{""0"": 12, ""1"": 20}",0.65625,0.6583333333333333,0.6476476476476476,"[[8, 4], [7, 13]]"
visual_or_species,label_acacia_visual_or_species,embeddings,random,,logistic_c0.1,536,231,"{""0"": 368, ""1"": 168}","{""0"": 158, ""1"": 73}",0.7922077922077922,0.8112536847581064,0.7787356321839081,"[[120, 38], [10, 63]]"
visual_or_species,label_acacia_visual_or_species,embeddings,random,,logistic_c0.5,536,231,"{""0"": 368, ""1"": 168}","{""0"": 158, ""1"": 73}",0.8225108225108225,0.8370903415987515,0.8087323545449039,"[[126, 32], [9, 64]]"
visual_or_species,label_acacia_visual_or_species,embeddings,random,,svc_linearish,536,231,"{""0"": 368, ""1"": 168}","{""0"": 158, ""1"": 73}",0.8008658008658008,0.8175827986821571,0.7869687249398556,"[[122, 36], [10, 63]]"
visual_or_species,label_acacia_visual_or_species,embeddings,random,,svc_rbf_c0.5,536,231,"{""0"": 368, ""1"": 168}","{""0"": 158, ""1"": 73}",0.7705627705627706,0.8101699323738512,0.7619251336898396,"[[111, 47], [6, 67]]"
visual_or_species,label_acacia_visual_or_species,embeddings,random,,rf_leaf3,536,231,"{""0"": 368, ""1"": 168}","{""0"": 158, ""1"": 73}",0.8008658008658008,0.7623114270851395,0.7661531690140846,"[[137, 21], [25, 48]]"
visual_or_species,label_acacia_visual_or_species,embeddings,random,,extra_leaf3,536,231,"{""0"": 368, ""1"": 168}","{""0"": 158, ""1"": 73}",0.8051948051948052,0.7765302583665684,0.7755102040816326,"[[135, 23], [22, 51]]"
visual_or_species,label_acacia_visual_or_species,embeddings,leave_area_out,A1,logistic_c0.1,731,36,"{""0"": 491, ""1"": 240}","{""0"": 35, ""1"": 1}",0.9722222222222222,0.5,0.4929577464788732,"[[35, 0], [1, 0]]"
visual_or_species,label_acacia_visual_or_species,embeddings,leave_area_out,A1,logistic_c0.5,731,36,"{""0"": 491, ""1"": 240}","{""0"": 35, ""1"": 1}",0.9722222222222222,0.5,0.4929577464788732,"[[35, 0], [1, 0]]"
visual_or_species,label_acacia_visual_or_species,embeddings,leave_area_out,A1,svc_linearish,731,36,"{""0"": 491, ""1"": 240}","{""0"": 35, ""1"": 1}",0.9722222222222222,0.5,0.4929577464788732,"[[35, 0], [1, 0]]"
visual_or_species,label_acacia_visual_or_species,embeddings,leave_area_out,A1,svc_rbf_c0.5,731,36,"{""0"": 491, ""1"": 240}","{""0"": 35, ""1"": 1}",0.9722222222222222,0.5,0.4929577464788732,"[[35, 0], [1, 0]]"
visual_or_species,label_acacia_visual_or_species,embeddings,leave_area_out,A1,rf_leaf3,731,36,"{""0"": 491, ""1"": 240}","{""0"": 35, ""1"": 1}",0.9722222222222222,0.5,0.4929577464788732,"[[35, 0], [1, 0]]"
visual_or_species,label_acacia_visual_or_species,embeddings,leave_area_out,A1,extra_leaf3,731,36,"{""0"": 491, ""1"": 240}","{""0"": 35, ""1"": 1}",0.9722222222222222,0.5,0.4929577464788732,"[[35, 0], [1, 0]]"
visual_or_species,label_acacia_visual_or_species,embeddings,leave_area_out,SV_S1,logistic_c0.1,607,160,"{""0"": 424, ""1"": 183}","{""0"": 102, ""1"": 58}",0.4875,0.5906017579445572,0.46326296841760756,"[[22, 80], [2, 56]]"
visual_or_species,label_acacia_visual_or_species,embeddings,leave_area_out,SV_S1,logistic_c0.5,607,160,"{""0"": 424, ""1"": 183}","{""0"": 102, ""1"": 58}",0.46875,0.5758958755916159,0.4387355041063101,"[[19, 83], [2, 56]]"
visual_or_species,label_acacia_visual_or_species,embeddings,leave_area_out,SV_S1,svc_linearish,607,160,"{""0"": 424, ""1"": 183}","{""0"": 102, ""1"": 58}",0.51875,0.6039553752535497,0.5085955885285789,"[[30, 72], [5, 53]]"
visual_or_species,label_acacia_visual_or_species,embeddings,leave_area_out,SV_S1,svc_rbf_c0.5,607,160,"{""0"": 424, ""1"": 183}","{""0"": 102, ""1"": 58}",0.36875,0.501183231913455,0.28416389811738646,"[[2, 100], [1, 57]]"
visual_or_species,label_acacia_visual_or_species,embeddings,leave_area_out,SV_S1,rf_leaf3,607,160,"{""0"": 424, ""1"": 183}","{""0"": 102, ""1"": 58}",0.55,0.5206220419202163,0.52,"[[64, 38], [34, 24]]"
visual_or_species,label_acacia_visual_or_species,embeddings,leave_area_out,SV_S1,extra_leaf3,607,160,"{""0"": 424, ""1"": 183}","{""0"": 102, ""1"": 58}",0.425,0.5155510480054091,0.40404858299595137,"[[19, 83], [9, 49]]"
visual_or_species,label_acacia_visual_or_species,embeddings,leave_area_out,SV_S2,logistic_c0.1,614,153,"{""0"": 441, ""1"": 173}","{""0"": 85, ""1"": 68}",0.48366013071895425,0.5308823529411765,0.4037882898436344,"[[9, 76], [3, 65]]"
visual_or_species,label_acacia_visual_or_species,embeddings,leave_area_out,SV_S2,logistic_c0.5,614,153,"{""0"": 441, ""1"": 173}","{""0"": 85, ""1"": 68}",0.5359477124183006,0.5720588235294117,0.501902884130405,"[[21, 64], [7, 61]]"
visual_or_species,label_acacia_visual_or_species,embeddings,leave_area_out,SV_S2,svc_linearish,614,153,"{""0"": 441, ""1"": 173}","{""0"": 85, ""1"": 68}",0.6143790849673203,0.6367647058823529,0.6076752575079317,"[[37, 48], [11, 57]]"
visual_or_species,label_acacia_visual_or_species,embeddings,leave_area_out,SV_S2,svc_rbf_c0.5,614,153,"{""0"": 441, ""1"": 173}","{""0"": 85, ""1"": 68}",0.45751633986928103,0.5073529411764706,0.3589277601090414,"[[5, 80], [3, 65]]"
visual_or_species,label_acacia_visual_or_species,embeddings,leave_area_out,SV_S2,rf_leaf3,614,153,"{""0"": 441, ""1"": 173}","{""0"": 85, ""1"": 68}",0.49673202614379086,0.5308823529411765,0.46364671067607555,"[[19, 66], [11, 57]]"
visual_or_species,label_acacia_visual_or_species,embeddings,leave_area_out,SV_S2,extra_leaf3,614,153,"{""0"": 441, ""1"": 173}","{""0"": 85, ""1"": 68}",0.46405228758169936,0.5132352941176471,0.3704335608189482,"[[6, 79], [3, 65]]"
visual_or_species,label_acacia_visual_or_species,embeddings,leave_area_out,SV_S3,logistic_c0.1,655,112,"{""0"": 489, ""1"": 166}","{""0"": 37, ""1"": 75}",0.6785714285714286,0.5203603603603604,0.45217391304347826,"[[2, 35], [1, 74]]"
visual_or_species,label_acacia_visual_or_species,embeddings,leave_area_out,SV_S3,logistic_c0.5,655,112,"{""0"": 489, ""1"": 166}","{""0"": 37, ""1"": 75}",0.6428571428571429,0.5073873873873873,0.4696969696969697,"[[4, 33], [7, 68]]"
visual_or_species,label_acacia_visual_or_species,embeddings,leave_area_out,SV_S3,svc_linearish,655,112,"{""0"": 489, ""1"": 166}","{""0"": 37, ""1"": 75}",0.6785714285714286,0.5272072072072073,0.47252747252747257,"[[3, 34], [2, 73]]"
visual_or_species,label_acacia_visual_or_species,embeddings,leave_area_out,SV_S3,svc_rbf_c0.5,655,112,"{""0"": 489, ""1"": 166}","{""0"": 37, ""1"": 75}",0.6696428571428571,0.5,0.4010695187165775,"[[0, 37], [0, 75]]"
visual_or_species,label_acacia_visual_or_species,embeddings,leave_area_out,SV_S3,rf_leaf3,655,112,"{""0"": 489, ""1"": 166}","{""0"": 37, ""1"": 75}",0.6071428571428571,0.5765765765765766,0.5722222222222222,"[[18, 19], [25, 50]]"
visual_or_species,label_acacia_visual_or_species,embeddings,leave_area_out,SV_S3,extra_leaf3,655,112,"{""0"": 489, ""1"": 166}","{""0"": 37, ""1"": 75}",0.6160714285714286,0.5832432432432433,0.5795722391968573,"[[18, 19], [24, 51]]"
visual_or_species,label_acacia_visual_or_species,embeddings,leave_area_out,SV_S4,logistic_c0.1,708,59,"{""0"": 506, ""1"": 202}","{""0"": 20, ""1"": 39}",0.7457627118644068,0.698076923076923,0.7047047047047047,"[[11, 9], [6, 33]]"
visual_or_species,label_acacia_visual_or_species,embeddings,leave_area_out,SV_S4,logistic_c0.5,708,59,"{""0"": 506, ""1"": 202}","{""0"": 20, ""1"": 39}",0.7288135593220338,0.6852564102564103,0.6894736842105263,"[[11, 9], [7, 32]]"
visual_or_species,label_acacia_visual_or_species,embeddings,leave_area_out,SV_S4,svc_linearish,708,59,"{""0"": 506, ""1"": 202}","{""0"": 20, ""1"": 39}",0.8135593220338984,0.7493589743589744,0.7686274509803922,"[[11, 9], [2, 37]]"
visual_or_species,label_acacia_visual_or_species,embeddings,leave_area_out,SV_S4,svc_rbf_c0.5,708,59,"{""0"": 506, ""1"": 202}","{""0"": 20, ""1"": 39}",0.6610169491525424,0.5,0.3979591836734694,"[[0, 20], [0, 39]]"
visual_or_species,label_acacia_visual_or_species,embeddings,leave_area_out,SV_S4,rf_leaf3,708,59,"{""0"": 506, ""1"": 202}","{""0"": 20, ""1"": 39}",0.559322033898305,0.6057692307692308,0.5581797235023042,"[[15, 5], [21, 18]]"
visual_or_species,label_acacia_visual_or_species,embeddings,leave_area_out,SV_S4,extra_leaf3,708,59,"{""0"": 506, ""1"": 202}","{""0"": 20, ""1"": 39}",0.6271186440677966,0.5961538461538461,0.5933583959899749,"[[10, 10], [12, 27]]"
visual_or_species,label_acacia_visual_or_species,embeddings_plus_area,random,,logistic_c0.1,536,231,"{""0"": 368, ""1"": 168}","{""0"": 158, ""1"": 73}",0.8008658008658008,0.8175827986821571,0.7869687249398556,"[[122, 36], [10, 63]]"
visual_or_species,label_acacia_visual_or_species,embeddings_plus_area,random,,logistic_c0.5,536,231,"{""0"": 368, ""1"": 168}","{""0"": 158, ""1"": 73}",0.8268398268398268,0.8439396566672447,0.8138597904915392,"[[126, 32], [8, 65]]"
visual_or_species,label_acacia_visual_or_species,embeddings_plus_area,random,,svc_linearish,536,231,"{""0"": 368, ""1"": 168}","{""0"": 158, ""1"": 73}",0.8008658008658008,0.8175827986821571,0.7869687249398556,"[[122, 36], [10, 63]]"
visual_or_species,label_acacia_visual_or_species,embeddings_plus_area,random,,svc_rbf_c0.5,536,231,"{""0"": 368, ""1"": 168}","{""0"": 158, ""1"": 73}",0.7705627705627706,0.8101699323738512,0.7619251336898396,"[[111, 47], [6, 67]]"
visual_or_species,label_acacia_visual_or_species,embeddings_plus_area,random,,rf_leaf3,536,231,"{""0"": 368, ""1"": 168}","{""0"": 158, ""1"": 73}",0.8181818181818182,0.7749696549332408,0.783011272141707,"[[141, 17], [25, 48]]"
visual_or_species,label_acacia_visual_or_species,embeddings_plus_area,random,,extra_leaf3,536,231,"{""0"": 368, ""1"": 168}","{""0"": 158, ""1"": 73}",0.8051948051948052,0.7765302583665684,0.7755102040816326,"[[135, 23], [22, 51]]"
visual_or_species,label_acacia_visual_or_species,embeddings_plus_area,leave_area_out,A1,logistic_c0.1,731,36,"{""0"": 491, ""1"": 240}","{""0"": 35, ""1"": 1}",0.9722222222222222,0.5,0.4929577464788732,"[[35, 0], [1, 0]]"
visual_or_species,label_acacia_visual_or_species,embeddings_plus_area,leave_area_out,A1,logistic_c0.5,731,36,"{""0"": 491, ""1"": 240}","{""0"": 35, ""1"": 1}",0.9722222222222222,0.5,0.4929577464788732,"[[35, 0], [1, 0]]"
visual_or_species,label_acacia_visual_or_species,embeddings_plus_area,leave_area_out,A1,svc_linearish,731,36,"{""0"": 491, ""1"": 240}","{""0"": 35, ""1"": 1}",0.9722222222222222,0.5,0.4929577464788732,"[[35, 0], [1, 0]]"
visual_or_species,label_acacia_visual_or_species,embeddings_plus_area,leave_area_out,A1,svc_rbf_c0.5,731,36,"{""0"": 491, ""1"": 240}","{""0"": 35, ""1"": 1}",0.9722222222222222,0.5,0.4929577464788732,"[[35, 0], [1, 0]]"
visual_or_species,label_acacia_visual_or_species,embeddings_plus_area,leave_area_out,A1,rf_leaf3,731,36,"{""0"": 491, ""1"": 240}","{""0"": 35, ""1"": 1}",0.9722222222222222,0.5,0.4929577464788732,"[[35, 0], [1, 0]]"
visual_or_species,label_acacia_visual_or_species,embeddings_plus_area,leave_area_out,A1,extra_leaf3,731,36,"{""0"": 491, ""1"": 240}","{""0"": 35, ""1"": 1}",0.9722222222222222,0.5,0.4929577464788732,"[[35, 0], [1, 0]]"
visual_or_species,label_acacia_visual_or_species,embeddings_plus_area,leave_area_out,SV_S1,logistic_c0.1,607,160,"{""0"": 424, ""1"": 183}","{""0"": 102, ""1"": 58}",0.46875,0.5610209601081813,0.45070479421624454,"[[23, 79], [6, 52]]"
visual_or_species,label_acacia_visual_or_species,embeddings_plus_area,leave_area_out,SV_S1,logistic_c0.5,607,160,"{""0"": 424, ""1"": 183}","{""0"": 102, ""1"": 58}",0.475,0.5733603786342123,0.453125,"[[22, 80], [4, 54]]"
visual_or_species,label_acacia_visual_or_species,embeddings_plus_area,leave_area_out,SV_S1,svc_linearish,607,160,"{""0"": 424, ""1"": 183}","{""0"": 102, ""1"": 58}",0.5125,0.599053414469236,0.5012787723785166,"[[29, 73], [5, 53]]"
visual_or_species,label_acacia_visual_or_species,embeddings_plus_area,leave_area_out,SV_S1,svc_rbf_c0.5,607,160,"{""0"": 424, ""1"": 183}","{""0"": 102, ""1"": 58}",0.36875,0.501183231913455,0.28416389811738646,"[[2, 100], [1, 57]]"
visual_or_species,label_acacia_visual_or_species,embeddings_plus_area,leave_area_out,SV_S1,rf_leaf3,607,160,"{""0"": 424, ""1"": 183}","{""0"": 102, ""1"": 58}",0.55625,0.52552400270453,0.5250637568460219,"[[65, 37], [34, 24]]"
visual_or_species,label_acacia_visual_or_species,embeddings_plus_area,leave_area_out,SV_S1,extra_leaf3,607,160,"{""0"": 424, ""1"": 183}","{""0"": 102, ""1"": 58}",0.43125,0.5130155510480054,0.417017017017017,"[[22, 80], [11, 47]]"
visual_or_species,label_acacia_visual_or_species,embeddings_plus_area,leave_area_out,SV_S2,logistic_c0.1,614,153,"{""0"": 441, ""1"": 173}","{""0"": 85, ""1"": 68}",0.47058823529411764,0.5176470588235293,0.3886943224979036,"[[8, 77], [4, 64]]"
visual_or_species,label_acacia_visual_or_species,embeddings_plus_area,leave_area_out,SV_S2,logistic_c0.5,614,153,"{""0"": 441, ""1"": 173}","{""0"": 85, ""1"": 68}",0.5359477124183006,0.5720588235294117,0.501902884130405,"[[21, 64], [7, 61]]"
visual_or_species,label_acacia_visual_or_species,embeddings_plus_area,leave_area_out,SV_S2,svc_linearish,614,153,"{""0"": 441, ""1"": 173}","{""0"": 85, ""1"": 68}",0.6209150326797386,0.6426470588235295,0.6149774383894482,"[[38, 47], [11, 57]]"
visual_or_species,label_acacia_visual_or_species,embeddings_plus_area,leave_area_out,SV_S2,svc_rbf_c0.5,614,153,"{""0"": 441, ""1"": 173}","{""0"": 85, ""1"": 68}",0.47058823529411764,0.5205882352941177,0.3743752839618355,"[[6, 79], [2, 66]]"
visual_or_species,label_acacia_visual_or_species,embeddings_plus_area,leave_area_out,SV_S2,rf_leaf3,614,153,"{""0"": 441, ""1"": 173}","{""0"": 85, ""1"": 68}",0.49019607843137253,0.5220588235294118,0.46204471691309057,"[[20, 65], [13, 55]]"
visual_or_species,label_acacia_visual_or_species,embeddings_plus_area,leave_area_out,SV_S2,extra_leaf3,614,153,"{""0"": 441, ""1"": 173}","{""0"": 85, ""1"": 68}",0.45751633986928103,0.5073529411764706,0.3589277601090414,"[[5, 80], [3, 65]]"
visual_or_species,label_acacia_visual_or_species,embeddings_plus_area,leave_area_out,SV_S3,logistic_c0.1,655,112,"{""0"": 489, ""1"": 166}","{""0"": 37, ""1"": 75}",0.6785714285714286,0.5203603603603604,0.45217391304347826,"[[2, 35], [1, 74]]"
visual_or_species,label_acacia_visual_or_species,embeddings_plus_area,leave_area_out,SV_S3,logistic_c0.5,655,112,"{""0"": 489, ""1"": 166}","{""0"": 37, ""1"": 75}",0.6339285714285714,0.5007207207207207,0.46448979591836737,"[[4, 33], [8, 67]]"
visual_or_species,label_acacia_visual_or_species,embeddings_plus_area,leave_area_out,SV_S3,svc_linearish,655,112,"{""0"": 489, ""1"": 166}","{""0"": 37, ""1"": 75}",0.6875,0.5407207207207207,0.4963381729410253,"[[4, 33], [2, 73]]"
visual_or_species,label_acacia_visual_or_species,embeddings_plus_area,leave_area_out,SV_S3,svc_rbf_c0.5,655,112,"{""0"": 489, ""1"": 166}","{""0"": 37, ""1"": 75}",0.6696428571428571,0.5,0.4010695187165775,"[[0, 37], [0, 75]]"
visual_or_species,label_acacia_visual_or_species,embeddings_plus_area,leave_area_out,SV_S3,rf_leaf3,655,112,"{""0"": 489, ""1"": 166}","{""0"": 37, ""1"": 75}",0.6339285714285714,0.6102702702702703,0.6035569368902702,"[[20, 17], [24, 51]]"
visual_or_species,label_acacia_visual_or_species,embeddings_plus_area,leave_area_out,SV_S3,extra_leaf3,655,112,"{""0"": 489, ""1"": 166}","{""0"": 37, ""1"": 75}",0.6428571428571429,0.6032432432432433,0.6017069701280227,"[[18, 19], [21, 54]]"
visual_or_species,label_acacia_visual_or_species,embeddings_plus_area,leave_area_out,SV_S4,logistic_c0.1,708,59,"{""0"": 506, ""1"": 202}","{""0"": 20, ""1"": 39}",0.7457627118644068,0.6737179487179488,0.6844919786096257,"[[9, 11], [4, 35]]"
visual_or_species,label_acacia_visual_or_species,embeddings_plus_area,leave_area_out,SV_S4,logistic_c0.5,708,59,"{""0"": 506, ""1"": 202}","{""0"": 20, ""1"": 39}",0.6949152542372882,0.6474358974358974,0.650657894736842,"[[10, 10], [8, 31]]"
visual_or_species,label_acacia_visual_or_species,embeddings_plus_area,leave_area_out,SV_S4,svc_linearish,708,59,"{""0"": 506, ""1"": 202}","{""0"": 20, ""1"": 39}",0.8135593220338984,0.7371794871794872,0.7593622543566926,"[[10, 10], [1, 38]]"
visual_or_species,label_acacia_visual_or_species,embeddings_plus_area,leave_area_out,SV_S4,svc_rbf_c0.5,708,59,"{""0"": 506, ""1"": 202}","{""0"": 20, ""1"": 39}",0.6610169491525424,0.5121794871794871,0.4412878787878788,"[[1, 19], [1, 38]]"
visual_or_species,label_acacia_visual_or_species,embeddings_plus_area,leave_area_out,SV_S4,rf_leaf3,708,59,"{""0"": 506, ""1"": 202}","{""0"": 20, ""1"": 39}",0.559322033898305,0.5814102564102563,0.5530303030303031,"[[13, 7], [19, 20]]"
visual_or_species,label_acacia_visual_or_species,embeddings_plus_area,leave_area_out,SV_S4,extra_leaf3,708,59,"{""0"": 506, ""1"": 202}","{""0"": 20, ""1"": 39}",0.6271186440677966,0.583974358974359,0.583974358974359,"[[9, 11], [11, 28]]"
