crown_uid,area,species_clean,label_acacia_species,label_acacia_clustering,label_acacia_visual,label_acacia_visual_or_species,eval_label,holdout,model,decision,threshold,y_true,y_pred,correct,crown_area_m2
SV_S1:crown_0007,SV_S1,,-1,1,1,1,label_acacia_visual_or_species,SV_S1,rf_deeper,default,,1,0,False,41.31296641383004
SV_S1:crown_0010,SV_S1,,-1,1,1,1,label_acacia_visual_or_species,SV_S1,rf_deeper,default,,1,0,False,21.36660356221419
SV_S1:crown_0014,SV_S1,,-1,1,1,1,label_acacia_visual_or_species,SV_S1,rf_deeper,default,,1,1,True,16.94049998569791
SV_S1:crown_0015,SV_S1,,-1,1,1,1,label_acacia_visual_or_species,SV_S1,rf_deeper,default,,1,0,False,21.275213809272863
SV_S1:crown_0030,SV_S1,,-1,0,1,1,label_acacia_visual_or_species,SV_S1,rf_deeper,default,,1,0,False,12.82516155462292
SV_S1:crown_0032,SV_S1,,-1,0,0,0,label_acacia_visual_or_species,SV_S1,rf_deeper,default,,0,0,True,75.7167077554277
SV_S1:crown_0033,SV_S1,,-1,1,1,1,label_acacia_visual_or_species,SV_S1,rf_deeper,default,,1,0,False,20.459505295489755
SV_S1:crown_0034,SV_S1,,-1,1,1,1,label_acacia_visual_or_species,SV_S1,rf_deeper,default,,1,0,False,17.107481261616055
SV_S1:crown_0035,SV_S1,,-1,0,0,0,label_acacia_visual_or_species,SV_S1,rf_deeper,default,,0,0,True,21.79115594575276
SV_S1:crown_0045,SV_S1,,-1,1,1,1,label_acacia_visual_or_species,SV_S1,rf_deeper,default,,1,0,False,32.01620912506721
SV_S1:crown_0055,SV_S1,,-1,0,0,0,label_acacia_visual_or_species,SV_S1,rf_deeper,default,,0,0,True,42.500833190063815
SV_S1:crown_0067,SV_S1,,-1,1,1,1,label_acacia_visual_or_species,SV_S1,rf_deeper,default,,1,0,False,22.574268111922855
SV_S1:crown_0074,SV_S1,,-1,0,0,0,label_acacia_visual_or_species,SV_S1,rf_deeper,default,,0,0,True,32.937705769334194
SV_S1:crown_0076,SV_S1,,-1,1,0,0,label_acacia_visual_or_species,SV_S1,rf_deeper,default,,0,0,True,15.732835435615597
SV_S1:crown_0078,SV_S1,,-1,0,1,1,label_acacia_visual_or_species,SV_S1,rf_deeper,default,,1,0,False,15.978607864944433
SV_S1:crown_0082,SV_S1,,-1,1,1,1,label_acacia_visual_or_species,SV_S1,rf_deeper,default,,1,0,False,16.020003227404874
SV_S1:crown_0088,SV_S1,,-1,1,1,1,label_acacia_visual_or_species,SV_S1,rf_deeper,default,,1,0,False,28.84496481009656
SV_S1:crown_0091,SV_S1,,-1,1,1,1,label_acacia_visual_or_species,SV_S1,rf_deeper,default,,1,0,False,80.76154192799716
SV_S1:crown_0092,SV_S1,,-1,1,1,1,label_acacia_visual_or_species,SV_S1,rf_deeper,default,,1,0,False,16.14078967977306
SV_S1:crown_0093,SV_S1,,-1,1,1,1,label_acacia_visual_or_species,SV_S1,rf_deeper,default,,1,0,False,21.427396740763886
SV_S1:crown_0098,SV_S1,,-1,1,0,0,label_acacia_visual_or_species,SV_S1,rf_deeper,default,,0,0,True,26.33324651195522
SV_S1:crown_0100,SV_S1,,-1,1,0,0,label_acacia_visual_or_species,SV_S1,rf_deeper,default,,0,0,True,16.062198491999396
SV_S1:crown_0110,SV_S1,,-1,0,0,0,label_acacia_visual_or_species,SV_S1,rf_deeper,default,,0,0,True,12.875755882280682
SV_S1:crown_0111,SV_S1,,-1,1,1,1,label_acacia_visual_or_species,SV_S1,rf_deeper,default,,1,0,False,17.678617193441674
SV_S1:crown_0112,SV_S1,,-1,1,1,1,label_acacia_visual_or_species,SV_S1,rf_deeper,default,,1,0,False,18.044376175226894
SV_S1:crown_0115,SV_S1,,-1,0,1,1,label_acacia_visual_or_species,SV_S1,rf_deeper,default,,1,0,False,8.893002577468694
SV_S1:crown_0120,SV_S1,,-1,1,1,1,label_acacia_visual_or_species,SV_S1,rf_deeper,default,,1,0,False,18.467328739720408
SV_S1:crown_0126,SV_S1,,-1,0,0,0,label_acacia_visual_or_species,SV_S1,rf_deeper,default,,0,0,True,18.787292851121478
SV_S1:crown_0127,SV_S1,,-1,0,0,0,label_acacia_visual_or_species,SV_S1,rf_deeper,default,,0,0,True,33.38965507356866
SV_S1:crown_0131,SV_S1,,-1,0,0,0,label_acacia_visual_or_species,SV_S1,rf_deeper,default,,0,0,True,86.70967480439599
SV_S1:crown_0142,SV_S1,,-1,1,1,1,label_acacia_visual_or_species,SV_S1,rf_deeper,default,,1,0,False,9.047785217432503
SV_S1:crown_0149,SV_S1,,-1,0,0,0,label_acacia_visual_or_species,SV_S1,rf_deeper,default,,0,0,True,47.373086717568576
SV_S1:crown_0153,SV_S1,,-1,0,0,0,label_acacia_visual_or_species,SV_S1,rf_deeper,default,,0,0,True,31.24909516104327
SV_S1:crown_0159,SV_S1,,-1,1,1,1,label_acacia_visual_or_species,SV_S1,rf_deeper,default,,1,0,False,33.59183240325611
SV_S1:crown_0161,SV_S1,,-1,1,1,1,label_acacia_visual_or_species,SV_S1,rf_deeper,default,,1,0,False,11.268136183560701
SV_S1:crown_0163,SV_S1,,-1,0,0,0,label_acacia_visual_or_species,SV_S1,rf_deeper,default,,0,0,True,23.93371563626298
SV_S1:crown_0176,SV_S1,,-1,0,0,0,label_acacia_visual_or_species,SV_S1,rf_deeper,default,,0,0,True,19.722587953455225
SV_S1:crown_0189,SV_S1,,-1,0,0,0,label_acacia_visual_or_species,SV_S1,rf_deeper,default,,0,0,True,15.338879622599249
SV_S1:crown_0196,SV_S1,,-1,0,0,0,label_acacia_visual_or_species,SV_S1,rf_deeper,default,,0,0,True,14.833536295864818
SV_S1:crown_0197,SV_S1,,-1,0,0,0,label_acacia_visual_or_species,SV_S1,rf_deeper,default,,0,0,True,30.321199231362606
SV_S1:crown_0204,SV_S1,,-1,0,0,0,label_acacia_visual_or_species,SV_S1,rf_deeper,default,,0,0,True,15.838223614371211
SV_S1:crown_0205,SV_S1,,-1,0,0,0,label_acacia_visual_or_species,SV_S1,rf_deeper,default,,0,0,True,22.98442210732571
SV_S1:crown_0207,SV_S1,,-1,0,0,0,label_acacia_visual_or_species,SV_S1,rf_deeper,default,,0,0,True,42.82459687146085
SV_S1:crown_0215,SV_S1,,-1,0,0,0,label_acacia_visual_or_species,SV_S1,rf_deeper,default,,0,0,True,13.457890590786462
SV_S1:crown_0216,SV_S1,,-1,0,0,0,label_acacia_visual_or_species,SV_S1,rf_deeper,default,,0,0,True,32.978501189600586
SV_S1:crown_0217,SV_S1,,-1,0,0,0,label_acacia_visual_or_species,SV_S1,rf_deeper,default,,0,0,True,15.320081726630704
SV_S1:crown_0218,SV_S1,,-1,1,1,1,label_acacia_visual_or_species,SV_S1,rf_deeper,default,,1,0,False,39.90432440330363
SV_S1:crown_0221,SV_S1,,-1,0,1,1,label_acacia_visual_or_species,SV_S1,rf_deeper,default,,1,0,False,23.005419753432683
SV_S1:crown_0225,SV_S1,,-1,0,0,0,label_acacia_visual_or_species,SV_S1,rf_deeper,default,,0,0,True,21.60337700701809
SV_S1:crown_0227,SV_S1,,-1,0,0,0,label_acacia_visual_or_species,SV_S1,rf_deeper,default,,0,0,True,46.122826951048246
SV_S1:crown_0234,SV_S1,,-1,0,0,0,label_acacia_visual_or_species,SV_S1,rf_deeper,default,,0,0,True,13.206718759428885
SV_S1:crown_0248,SV_S1,,-1,0,0,0,label_acacia_visual_or_species,SV_S1,rf_deeper,default,,0,0,True,39.15820808307472
SV_S1:crown_0251,SV_S1,,-1,0,0,0,label_acacia_visual_or_species,SV_S1,rf_deeper,default,,0,0,True,15.26288813888073
SV_S1:crown_0269,SV_S1,,-1,0,0,0,label_acacia_visual_or_species,SV_S1,rf_deeper,default,,0,0,True,12.209630590856916
SV_S1:crown_0274,SV_S1,,-1,1,0,0,label_acacia_visual_or_species,SV_S1,rf_deeper,default,,0,0,True,22.763646871456885
SV_S1:crown_0279,SV_S1,,-1,0,0,0,label_acacia_visual_or_species,SV_S1,rf_deeper,default,,0,0,True,27.77688459887878
SV_S1:crown_0280,SV_S1,,-1,0,1,1,label_acacia_visual_or_species,SV_S1,rf_deeper,default,,1,0,False,21.125430610570422
SV_S1:crown_0287,SV_S1,,-1,1,1,1,label_acacia_visual_or_species,SV_S1,rf_deeper,default,,1,0,False,19.07906012835566
SV_S1:crown_0310,SV_S1,,-1,0,0,0,label_acacia_visual_or_species,SV_S1,rf_deeper,default,,0,0,True,12.216029871292985
SV_S1:crown_0313,SV_S1,,-1,0,0,0,label_acacia_visual_or_species,SV_S1,rf_deeper,default,,0,0,True,14.492574535046092
SV_S1:crown_0327,SV_S1,,-1,0,0,0,label_acacia_visual_or_species,SV_S1,rf_deeper,default,,0,0,True,26.474030722297048
SV_S1:crown_0333,SV_S1,,-1,0,1,1,label_acacia_visual_or_species,SV_S1,rf_deeper,default,,1,0,False,19.776181943130034
SV_S1:crown_0344,SV_S1,,-1,0,0,0,label_acacia_visual_or_species,SV_S1,rf_deeper,default,,0,0,True,26.538623473896116
SV_S1:crown_0356,SV_S1,,-1,0,0,0,label_acacia_visual_or_species,SV_S1,rf_deeper,default,,0,0,True,13.795052774255675
SV_S1:crown_0359,SV_S1,,-1,0,0,0,label_acacia_visual_or_species,SV_S1,rf_deeper,default,,0,0,True,16.991694244652738
SV_S1:crown_0362,SV_S1,,-1,1,0,0,label_acacia_visual_or_species,SV_S1,rf_deeper,default,,0,0,True,22.61446360667765
SV_S1:crown_0363,SV_S1,,-1,0,0,0,label_acacia_visual_or_species,SV_S1,rf_deeper,default,,0,0,True,16.607537326693176
SV_S1:crown_0365,SV_S1,,-1,0,0,0,label_acacia_visual_or_species,SV_S1,rf_deeper,default,,0,0,True,23.227194879068065
SV_S1:crown_0366,SV_S1,,-1,0,0,0,label_acacia_visual_or_species,SV_S1,rf_deeper,default,,0,0,True,17.30245938647604
SV_S1:crown_0367,SV_S1,,-1,0,0,0,label_acacia_visual_or_species,SV_S1,rf_deeper,default,,0,0,True,13.475888569209602
SV_S1:crown_0371,SV_S1,,-1,0,0,0,label_acacia_visual_or_species,SV_S1,rf_deeper,default,,0,0,True,25.680519719211436
SV_S1:crown_0372,SV_S1,,-1,0,0,0,label_acacia_visual_or_species,SV_S1,rf_deeper,default,,0,0,True,20.67808078598599
SV_S1:crown_0374,SV_S1,,-1,0,0,0,label_acacia_visual_or_species,SV_S1,rf_deeper,default,,0,0,True,48.244189013830386
SV_S1:crown_0377,SV_S1,,-1,0,0,0,label_acacia_visual_or_species,SV_S1,rf_deeper,default,,0,0,True,23.801130510988255
SV_S1:crown_0384,SV_S1,,-1,0,0,0,label_acacia_visual_or_species,SV_S1,rf_deeper,default,,0,0,True,39.773139124036796
SV_S1:crown_0391,SV_S1,,-1,1,1,1,label_acacia_visual_or_species,SV_S1,rf_deeper,default,,1,0,False,25.712116172531974
SV_S1:crown_0397,SV_S1,,-1,0,0,0,label_acacia_visual_or_species,SV_S1,rf_deeper,default,,0,0,True,27.072763569372576
SV_S1:crown_0400,SV_S1,,-1,0,0,0,label_acacia_visual_or_species,SV_S1,rf_deeper,default,,0,0,True,28.340021436434885
SV_S1:crown_0407,SV_S1,,-1,0,0,0,label_acacia_visual_or_species,SV_S1,rf_deeper,default,,0,0,True,33.31946295467631
SV_S1:crown_0414,SV_S1,,-1,0,0,0,label_acacia_visual_or_species,SV_S1,rf_deeper,default,,0,0,True,11.73548377098807
SV_S1:crown_0420,SV_S1,,-1,1,1,1,label_acacia_visual_or_species,SV_S1,rf_deeper,default,,1,0,False,24.7322260820022
SV_S1:crown_0421,SV_S1,,-1,1,1,1,label_acacia_visual_or_species,SV_S1,rf_deeper,default,,1,0,False,21.895944191855172
SV_S1:crown_0425,SV_S1,,-1,1,1,1,label_acacia_visual_or_species,SV_S1,rf_deeper,default,,1,0,False,26.491028811311093
SV_S1:crown_0428,SV_S1,,-1,0,0,0,label_acacia_visual_or_species,SV_S1,rf_deeper,default,,0,0,True,36.45771096820806
SV_S1:crown_0429,SV_S1,,-1,1,1,1,label_acacia_visual_or_species,SV_S1,rf_deeper,default,,1,0,False,26.422436510636157
SV_S1:crown_0433,SV_S1,,-1,0,0,0,label_acacia_visual_or_species,SV_S1,rf_deeper,default,,0,0,True,64.95111520312945
SV_S1:crown_0442,SV_S1,,-1,0,1,1,label_acacia_visual_or_species,SV_S1,rf_deeper,default,,1,0,False,41.814310187390994
SV_S1:crown_0446,SV_S1,,-1,1,0,0,label_acacia_visual_or_species,SV_S1,rf_deeper,default,,0,0,True,14.932525199270223
SV_S1:crown_0447,SV_S1,,-1,0,0,0,label_acacia_visual_or_species,SV_S1,rf_deeper,default,,0,0,True,13.055335736348708
SV_S1:crown_0448,SV_S1,,-1,0,0,0,label_acacia_visual_or_species,SV_S1,rf_deeper,default,,0,0,True,17.64582087781222
SV_S1:crown_0450,SV_S1,,-1,0,0,0,label_acacia_visual_or_species,SV_S1,rf_deeper,default,,0,0,True,17.902592078469954
SV_S1:crown_0452,SV_S1,,-1,1,1,1,label_acacia_visual_or_species,SV_S1,rf_deeper,default,,1,0,False,17.19147183446705
SV_S1:crown_0453,SV_S1,,-1,0,0,0,label_acacia_visual_or_species,SV_S1,rf_deeper,default,,0,0,True,87.8825432638917
SV_S1:crown_0458,SV_S1,,-1,1,1,1,label_acacia_visual_or_species,SV_S1,rf_deeper,default,,1,1,True,37.641378215045094
SV_S1:crown_0463,SV_S1,,-1,0,0,0,label_acacia_visual_or_species,SV_S1,rf_deeper,default,,0,0,True,23.297786962559915
SV_S1:crown_0464,SV_S1,,-1,0,0,0,label_acacia_visual_or_species,SV_S1,rf_deeper,default,,0,0,True,16.51594759918971
SV_S1:crown_0467,SV_S1,,-1,1,1,1,label_acacia_visual_or_species,SV_S1,rf_deeper,default,,1,1,True,11.359525934693032
SV_S1:crown_0481,SV_S1,,-1,0,0,0,label_acacia_visual_or_species,SV_S1,rf_deeper,default,,0,0,True,15.553055605182276
SV_S1:crown_0483,SV_S1,,-1,0,1,1,label_acacia_visual_or_species,SV_S1,rf_deeper,default,,1,0,False,9.19156908728277
SV_S1:crown_0484,SV_S1,,-1,0,0,0,label_acacia_visual_or_species,SV_S1,rf_deeper,default,,0,0,True,33.93019445410266
SV_S1:crown_0495,SV_S1,,-1,0,0,0,label_acacia_visual_or_species,SV_S1,rf_deeper,default,,0,0,True,46.931136285588444
SV_S1:crown_0496,SV_S1,,-1,0,0,0,label_acacia_visual_or_species,SV_S1,rf_deeper,default,,0,0,True,21.838750608546142
SV_S1:crown_0499,SV_S1,,-1,0,0,0,label_acacia_visual_or_species,SV_S1,rf_deeper,default,,0,0,True,56.536259001660994
SV_S1:crown_0503,SV_S1,,-1,0,0,0,label_acacia_visual_or_species,SV_S1,rf_deeper,default,,0,0,True,73.38636912477774
SV_S1:crown_0505,SV_S1,,-1,0,0,0,label_acacia_visual_or_species,SV_S1,rf_deeper,default,,0,0,True,11.223141235620428
SV_S1:crown_0527,SV_S1,,-1,1,1,1,label_acacia_visual_or_species,SV_S1,rf_deeper,default,,1,1,True,50.69471417011583
SV_S1:crown_0535,SV_S1,,-1,1,1,1,label_acacia_visual_or_species,SV_S1,rf_deeper,default,,1,1,True,18.757496194820018
SV_S1:crown_0546,SV_S1,,-1,1,1,1,label_acacia_visual_or_species,SV_S1,rf_deeper,default,,1,0,False,26.30984913290024
SV_S1:crown_0566,SV_S1,,-1,0,0,0,label_acacia_visual_or_species,SV_S1,rf_deeper,default,,0,0,True,23.4333717501229
SV_S1:crown_0571,SV_S1,,-1,0,0,0,label_acacia_visual_or_species,SV_S1,rf_deeper,default,,0,0,True,25.573931674134254
SV_S1:crown_0574,SV_S1,,-1,0,0,0,label_acacia_visual_or_species,SV_S1,rf_deeper,default,,0,0,True,33.43025052751468
SV_S1:crown_0575,SV_S1,,-1,1,0,0,label_acacia_visual_or_species,SV_S1,rf_deeper,default,,0,0,True,28.16164144319275
SV_S1:crown_0590,SV_S1,,-1,1,1,1,label_acacia_visual_or_species,SV_S1,rf_deeper,default,,1,0,False,29.59468071489842
SV_S1:crown_0602,SV_S1,,-1,1,1,1,label_acacia_visual_or_species,SV_S1,rf_deeper,default,,1,1,True,45.66967777294318
SV_S1:crown_0612,SV_S1,,-1,1,1,1,label_acacia_visual_or_species,SV_S1,rf_deeper,default,,1,1,True,21.502588309722693
SV_S1:crown_0618,SV_S1,,-1,0,1,1,label_acacia_visual_or_species,SV_S1,rf_deeper,default,,1,0,False,21.159226821559816
SV_S1:crown_0633,SV_S1,,-1,0,0,0,label_acacia_visual_or_species,SV_S1,rf_deeper,default,,0,0,True,18.54372016879849
SV_S1:crown_0643,SV_S1,,-1,0,0,0,label_acacia_visual_or_species,SV_S1,rf_deeper,default,,0,0,True,21.798955068593937
SV_S1:crown_0644,SV_S1,,-1,0,0,0,label_acacia_visual_or_species,SV_S1,rf_deeper,default,,0,0,True,17.61822397092851
SV_S1:crown_0647,SV_S1,,-1,0,0,0,label_acacia_visual_or_species,SV_S1,rf_deeper,default,,0,0,True,19.462217152147304
SV_S1:crown_0650,SV_S1,,-1,0,0,0,label_acacia_visual_or_species,SV_S1,rf_deeper,default,,0,0,True,13.011340674303247
SV_S1:crown_0652,SV_S1,,-1,0,0,0,label_acacia_visual_or_species,SV_S1,rf_deeper,default,,0,0,True,13.237715281551342
SV_S1:crown_0655,SV_S1,,-1,0,0,0,label_acacia_visual_or_species,SV_S1,rf_deeper,default,,0,0,True,41.59133519085697
SV_S1:crown_0340,SV_S1,,0,0,-1,0,label_acacia_visual_or_species,SV_S1,rf_deeper,default,,0,1,False,31.454872080568883
SV_S1:crown_0390,SV_S1,,0,0,-1,0,label_acacia_visual_or_species,SV_S1,rf_deeper,default,,0,1,False,26.49082883731589
SV_S1:crown_0394,SV_S1,,1,0,-1,1,label_acacia_visual_or_species,SV_S1,rf_deeper,default,,1,1,True,13.645269569348685
SV_S1:crown_0399,SV_S1,,0,1,-1,0,label_acacia_visual_or_species,SV_S1,rf_deeper,default,,0,1,False,10.645606008317598
SV_S1:crown_0477,SV_S1,,1,1,-1,1,label_acacia_visual_or_species,SV_S1,rf_deeper,default,,1,0,False,30.606167266224556
SV_S1:crown_0528,SV_S1,,1,1,1,1,label_acacia_visual_or_species,SV_S1,rf_deeper,default,,1,1,True,20.61508784977214
SV_S1:crown_0024,SV_S1,Bamboo clump,0,0,-1,0,label_acacia_visual_or_species,SV_S1,rf_deeper,default,,0,0,True,39.69154827244297
SV_S1:crown_0347,SV_S1,Bamboo clump,0,0,-1,0,label_acacia_visual_or_species,SV_S1,rf_deeper,default,,0,0,True,36.95505518347248
SV_S1:crown_0089,SV_S1,Neem,0,0,0,0,label_acacia_visual_or_species,SV_S1,rf_deeper,default,,0,0,True,16.4087596278246
SV_S1:crown_0404,SV_S1,Neem,1,0,-1,1,label_acacia_visual_or_species,SV_S1,rf_deeper,default,,1,1,True,18.696503032598162
SV_S1:crown_0480,SV_S1,Neem,1,0,0,0,label_acacia_visual_or_species,SV_S1,rf_deeper,default,,0,0,True,31.911220889691048
SV_S1:crown_0001,SV_S1,Prosopis Juliflora,1,1,-1,1,label_acacia_visual_or_species,SV_S1,rf_deeper,default,,1,0,False,38.59947075469264
SV_S1:crown_0002,SV_S1,Prosopis Juliflora,1,1,-1,1,label_acacia_visual_or_species,SV_S1,rf_deeper,default,,1,0,False,16.381762650498874
SV_S1:crown_0018,SV_S1,Prosopis Juliflora,1,1,-1,1,label_acacia_visual_or_species,SV_S1,rf_deeper,default,,1,0,False,25.123182233980515
SV_S1:crown_0219,SV_S1,Prosopis Juliflora,1,0,-1,1,label_acacia_visual_or_species,SV_S1,rf_deeper,default,,1,1,True,47.99541691849633
SV_S1:crown_0220,SV_S1,Prosopis Juliflora,1,0,-1,1,label_acacia_visual_or_species,SV_S1,rf_deeper,default,,1,1,True,58.03649073142585
SV_S1:crown_0402,SV_S1,Prosopis Juliflora,1,1,1,1,label_acacia_visual_or_species,SV_S1,rf_deeper,default,,1,1,True,43.3695357596054
SV_S1:crown_0406,SV_S1,Prosopis Juliflora,1,1,1,1,label_acacia_visual_or_species,SV_S1,rf_deeper,default,,1,1,True,44.25323664148704
SV_S1:crown_0409,SV_S1,Prosopis Juliflora,1,0,0,0,label_acacia_visual_or_species,SV_S1,rf_deeper,default,,0,1,False,19.629998334481044
SV_S1:crown_0424,SV_S1,Prosopis Juliflora,1,0,0,0,label_acacia_visual_or_species,SV_S1,rf_deeper,default,,0,0,True,10.40363314742368
SV_S1:crown_0474,SV_S1,Prosopis Juliflora,1,1,-1,1,label_acacia_visual_or_species,SV_S1,rf_deeper,default,,1,1,True,43.327740444669395
SV_S1:crown_0538,SV_S1,Prosopis Juliflora,1,0,-1,1,label_acacia_visual_or_species,SV_S1,rf_deeper,default,,1,1,True,131.94280153862684
SV_S1:crown_0346,SV_S1,Subabool,1,0,-1,1,label_acacia_visual_or_species,SV_S1,rf_deeper,default,,1,0,False,16.7479215886896
SV_S1:crown_0349,SV_S1,Subabool,1,0,0,0,label_acacia_visual_or_species,SV_S1,rf_deeper,default,,0,0,True,37.61518115732285
SV_S1:crown_0236,SV_S1,Kanju,0,0,-1,0,label_acacia_visual_or_species,SV_S1,rf_deeper,default,,0,0,True,16.61553642385666
SV_S1:crown_0020,SV_S1,Teak,0,0,-1,0,label_acacia_visual_or_species,SV_S1,rf_deeper,default,,0,0,True,21.809553880951682
SV_S1:crown_0044,SV_S1,Teak,0,0,-1,0,label_acacia_visual_or_species,SV_S1,rf_deeper,default,,0,0,True,37.434801378227895
SV_S1:crown_0013,SV_S1,Amaltas,0,0,-1,0,label_acacia_visual_or_species,SV_S1,rf_deeper,default,,0,0,True,38.748854000630686
SV_S1:crown_0223,SV_S1,Amaltas,0,0,0,0,label_acacia_visual_or_species,SV_S1,rf_deeper,default,,0,0,True,120.32030509591664
SV_S1:crown_0238,SV_S1,Amaltas,0,0,-1,0,label_acacia_visual_or_species,SV_S1,rf_deeper,default,,0,0,True,29.882048487513746
SV_S1:crown_0243,SV_S1,Amaltas,0,0,-1,0,label_acacia_visual_or_species,SV_S1,rf_deeper,default,,0,0,True,16.956098235122823
SV_S1:crown_0318,SV_S1,Amaltas,0,0,-1,0,label_acacia_visual_or_species,SV_S1,rf_deeper,default,,0,1,False,75.38994440121785
SV_S1:crown_0331,SV_S1,Amaltas,0,0,-1,0,label_acacia_visual_or_species,SV_S1,rf_deeper,default,,0,1,False,19.37862652969286
SV_S1:crown_0341,SV_S1,Amaltas,0,0,-1,0,label_acacia_visual_or_species,SV_S1,rf_deeper,default,,0,1,False,29.51868923785587
SV_S1:crown_0348,SV_S1,Amaltas,0,0,0,0,label_acacia_visual_or_species,SV_S1,rf_deeper,default,,0,0,True,73.63594112837714
SV_S1:crown_0395,SV_S1,Amaltas,0,0,-1,0,label_acacia_visual_or_species,SV_S1,rf_deeper,default,,0,1,False,32.18139059056181
SV_S1:crown_0401,SV_S1,Amaltas,0,0,-1,0,label_acacia_visual_or_species,SV_S1,rf_deeper,default,,0,0,True,12.858957761620685
SV_S2:crown_0003,SV_S2,,-1,0,0,0,label_acacia_visual_or_species,SV_S2,logistic_l2,default,,0,1,False,52.0394877007173
SV_S2:crown_0004,SV_S2,,-1,0,1,1,label_acacia_visual_or_species,SV_S2,logistic_l2,default,,1,1,True,55.45865015830171
SV_S2:crown_0012,SV_S2,,-1,0,0,0,label_acacia_visual_or_species,SV_S2,logistic_l2,default,,0,1,False,15.396539409678855
SV_S2:crown_0016,SV_S2,,-1,1,0,0,label_acacia_visual_or_species,SV_S2,logistic_l2,default,,0,1,False,23.8557938180304
SV_S2:crown_0021,SV_S2,,-1,1,1,1,label_acacia_visual_or_species,SV_S2,logistic_l2,default,,1,1,True,21.493121865225916
SV_S2:crown_0023,SV_S2,,-1,0,0,0,label_acacia_visual_or_species,SV_S2,logistic_l2,default,,0,1,False,16.126599087318326
SV_S2:crown_0026,SV_S2,,-1,1,1,1,label_acacia_visual_or_species,SV_S2,logistic_l2,default,,1,1,True,77.45459002439738
SV_S2:crown_0035,SV_S2,,-1,1,1,1,label_acacia_visual_or_species,SV_S2,logistic_l2,default,,1,1,True,28.883973910692486
SV_S2:crown_0036,SV_S2,,-1,1,0,0,label_acacia_visual_or_species,SV_S2,logistic_l2,default,,0,1,False,20.901423041161497
SV_S2:crown_0040,SV_S2,,-1,1,1,1,label_acacia_visual_or_species,SV_S2,logistic_l2,default,,1,1,True,49.6612386945137
SV_S2:crown_0046,SV_S2,,-1,0,0,0,label_acacia_visual_or_species,SV_S2,logistic_l2,default,,0,1,False,16.375373735349317
SV_S2:crown_0052,SV_S2,,-1,1,1,1,label_acacia_visual_or_species,SV_S2,logistic_l2,default,,1,1,True,18.050364750704837
SV_S2:crown_0055,SV_S2,,-1,1,1,1,label_acacia_visual_or_species,SV_S2,logistic_l2,default,,1,1,True,27.954619618507554
SV_S2:crown_0057,SV_S2,,-1,0,1,1,label_acacia_visual_or_species,SV_S2,logistic_l2,default,,1,1,True,23.694754609079286
SV_S2:crown_0065,SV_S2,,-1,1,1,1,label_acacia_visual_or_species,SV_S2,logistic_l2,default,,1,1,True,43.56580161446239
SV_S2:crown_0070,SV_S2,,-1,1,1,1,label_acacia_visual_or_species,SV_S2,logistic_l2,default,,1,1,True,27.67858512651372
SV_S2:crown_0076,SV_S2,,-1,1,1,1,label_acacia_visual_or_species,SV_S2,logistic_l2,default,,1,1,True,46.990232775733475
SV_S2:crown_0082,SV_S2,,-1,1,1,1,label_acacia_visual_or_species,SV_S2,logistic_l2,default,,1,1,True,57.65203623203044
SV_S2:crown_0087,SV_S2,,-1,0,0,0,label_acacia_visual_or_species,SV_S2,logistic_l2,default,,0,1,False,42.37140839825801
SV_S2:crown_0089,SV_S2,,-1,1,1,1,label_acacia_visual_or_species,SV_S2,logistic_l2,default,,1,1,True,68.10423673512926
SV_S2:crown_0090,SV_S2,,-1,0,0,0,label_acacia_visual_or_species,SV_S2,logistic_l2,default,,0,1,False,19.50223743034243
SV_S2:crown_0094,SV_S2,,-1,1,0,0,label_acacia_visual_or_species,SV_S2,logistic_l2,default,,0,1,False,23.131690066865062
SV_S2:crown_0111,SV_S2,,-1,1,1,1,label_acacia_visual_or_species,SV_S2,logistic_l2,default,,1,1,True,21.10232116509653
SV_S2:crown_0112,SV_S2,,1,0,-1,1,label_acacia_visual_or_species,SV_S2,logistic_l2,default,,1,1,True,19.166872714446498
SV_S2:crown_0118,SV_S2,,-1,1,1,1,label_acacia_visual_or_species,SV_S2,logistic_l2,default,,1,1,True,34.22071702483161
SV_S2:crown_0122,SV_S2,,-1,0,0,0,label_acacia_visual_or_species,SV_S2,logistic_l2,default,,0,1,False,12.875806216082795
SV_S2:crown_0124,SV_S2,,-1,1,1,1,label_acacia_visual_or_species,SV_S2,logistic_l2,default,,1,1,True,19.40281920440809
SV_S2:crown_0128,SV_S2,,-1,1,1,1,label_acacia_visual_or_species,SV_S2,logistic_l2,default,,1,1,True,68.1901395837514
SV_S2:crown_0138,SV_S2,,-1,0,0,0,label_acacia_visual_or_species,SV_S2,logistic_l2,default,,0,1,False,8.727729443989153
SV_S2:crown_0141,SV_S2,,-1,0,0,0,label_acacia_visual_or_species,SV_S2,logistic_l2,default,,0,1,False,55.827230649773945
SV_S2:crown_0146,SV_S2,,-1,1,1,1,label_acacia_visual_or_species,SV_S2,logistic_l2,default,,1,0,False,30.718629675828108
SV_S2:crown_0148,SV_S2,,-1,0,0,0,label_acacia_visual_or_species,SV_S2,logistic_l2,default,,0,0,True,14.37280652194982
SV_S2:crown_0149,SV_S2,,-1,0,0,0,label_acacia_visual_or_species,SV_S2,logistic_l2,default,,0,1,False,69.25464769149478
SV_S2:crown_0154,SV_S2,,-1,0,0,0,label_acacia_visual_or_species,SV_S2,logistic_l2,default,,0,1,False,28.577701612223876
SV_S2:crown_0160,SV_S2,,-1,1,1,1,label_acacia_visual_or_species,SV_S2,logistic_l2,default,,1,0,False,29.92305476159632
SV_S2:crown_0162,SV_S2,,-1,0,0,0,label_acacia_visual_or_species,SV_S2,logistic_l2,default,,0,0,True,43.90712226354304
SV_S2:crown_0164,SV_S2,,-1,0,0,0,label_acacia_visual_or_species,SV_S2,logistic_l2,default,,0,0,True,17.750964689090747
SV_S2:crown_0173,SV_S2,,-1,0,0,0,label_acacia_visual_or_species,SV_S2,logistic_l2,default,,0,0,True,13.730024143103654
SV_S2:crown_0174,SV_S2,,-1,0,0,0,label_acacia_visual_or_species,SV_S2,logistic_l2,default,,0,0,True,22.336344226534916
SV_S2:crown_0177,SV_S2,,-1,0,1,1,label_acacia_visual_or_species,SV_S2,logistic_l2,default,,1,1,True,14.620435805421828
SV_S2:crown_0181,SV_S2,,-1,1,1,1,label_acacia_visual_or_species,SV_S2,logistic_l2,default,,1,1,True,12.552124275060901
SV_S2:crown_0193,SV_S2,,-1,0,0,0,label_acacia_visual_or_species,SV_S2,logistic_l2,default,,0,1,False,11.087194363726624
SV_S2:crown_0195,SV_S2,,-1,0,0,0,label_acacia_visual_or_species,SV_S2,logistic_l2,default,,0,0,True,45.240792624331156
SV_S2:crown_0208,SV_S2,,-1,1,1,1,label_acacia_visual_or_species,SV_S2,logistic_l2,default,,1,1,True,34.883887012498434
SV_S2:crown_0227,SV_S2,,-1,1,1,1,label_acacia_visual_or_species,SV_S2,logistic_l2,default,,1,1,True,29.756288698842937
SV_S2:crown_0234,SV_S2,,-1,1,1,1,label_acacia_visual_or_species,SV_S2,logistic_l2,default,,1,1,True,36.98312356855295
SV_S2:crown_0236,SV_S2,,-1,0,0,0,label_acacia_visual_or_species,SV_S2,logistic_l2,default,,0,1,False,23.860833452446634
SV_S2:crown_0238,SV_S2,,-1,0,0,0,label_acacia_visual_or_species,SV_S2,logistic_l2,default,,0,1,False,15.038038186448377
SV_S2:crown_0241,SV_S2,,-1,1,1,1,label_acacia_visual_or_species,SV_S2,logistic_l2,default,,1,1,True,12.913145318965569
SV_S2:crown_0242,SV_S2,,-1,0,0,0,label_acacia_visual_or_species,SV_S2,logistic_l2,default,,0,1,False,22.67789395047118
SV_S2:crown_0256,SV_S2,,-1,1,1,1,label_acacia_visual_or_species,SV_S2,logistic_l2,default,,1,1,True,17.842136250193327
SV_S2:crown_0259,SV_S2,,-1,0,0,0,label_acacia_visual_or_species,SV_S2,logistic_l2,default,,0,0,True,28.843198687954768
SV_S2:crown_0262,SV_S2,,-1,0,0,0,label_acacia_visual_or_species,SV_S2,logistic_l2,default,,0,0,True,26.16394609430421
SV_S2:crown_0264,SV_S2,,-1,0,0,0,label_acacia_visual_or_species,SV_S2,logistic_l2,default,,0,0,True,21.000841272249126
SV_S2:crown_0274,SV_S2,,-1,0,0,0,label_acacia_visual_or_species,SV_S2,logistic_l2,default,,0,0,True,11.449131696014899
SV_S2:crown_0276,SV_S2,,-1,0,0,0,label_acacia_visual_or_species,SV_S2,logistic_l2,default,,0,1,False,15.61622162682531
SV_S2:crown_0280,SV_S2,,-1,0,0,0,label_acacia_visual_or_species,SV_S2,logistic_l2,default,,0,1,False,36.493820945767816
SV_S2:crown_0291,SV_S2,,-1,1,1,1,label_acacia_visual_or_species,SV_S2,logistic_l2,default,,1,1,True,20.855150042547134
SV_S2:crown_0297,SV_S2,,-1,0,0,0,label_acacia_visual_or_species,SV_S2,logistic_l2,default,,0,1,False,22.178282980631128
SV_S2:crown_0300,SV_S2,,-1,1,1,1,label_acacia_visual_or_species,SV_S2,logistic_l2,default,,1,1,True,104.14288711181936
SV_S2:crown_0305,SV_S2,,-1,0,0,0,label_acacia_visual_or_species,SV_S2,logistic_l2,default,,0,1,False,28.762793621113556
SV_S2:crown_0306,SV_S2,,-1,1,0,0,label_acacia_visual_or_species,SV_S2,logistic_l2,default,,0,1,False,19.528351907460245
SV_S2:crown_0313,SV_S2,,-1,1,1,1,label_acacia_visual_or_species,SV_S2,logistic_l2,default,,1,1,True,27.759677420738726
SV_S2:crown_0315,SV_S2,,-1,0,0,0,label_acacia_visual_or_species,SV_S2,logistic_l2,default,,0,1,False,14.441986954975055
SV_S2:crown_0318,SV_S2,,-1,0,0,0,label_acacia_visual_or_species,SV_S2,logistic_l2,default,,0,1,False,12.355578558638078
SV_S2:crown_0319,SV_S2,,-1,0,1,1,label_acacia_visual_or_species,SV_S2,logistic_l2,default,,1,1,True,24.75559752835476
SV_S2:crown_0320,SV_S2,,-1,0,0,0,label_acacia_visual_or_species,SV_S2,logistic_l2,default,,0,1,False,17.555335268458638
SV_S2:crown_0321,SV_S2,,-1,0,0,0,label_acacia_visual_or_species,SV_S2,logistic_l2,default,,0,1,False,7.420860771513712
SV_S2:crown_0322,SV_S2,,-1,0,0,0,label_acacia_visual_or_species,SV_S2,logistic_l2,default,,0,1,False,17.636198482619836
SV_S2:crown_0324,SV_S2,,-1,0,0,0,label_acacia_visual_or_species,SV_S2,logistic_l2,default,,0,1,False,17.474930201683105
SV_S2:crown_0327,SV_S2,,-1,1,1,1,label_acacia_visual_or_species,SV_S2,logistic_l2,default,,1,1,True,15.743128768311784
SV_S2:crown_0349,SV_S2,,-1,1,0,0,label_acacia_visual_or_species,SV_S2,logistic_l2,default,,0,1,False,60.01585356439221
SV_S2:crown_0353,SV_S2,,-1,0,0,0,label_acacia_visual_or_species,SV_S2,logistic_l2,default,,0,1,False,11.420726485477031
SV_S2:crown_0358,SV_S2,,-1,1,1,1,label_acacia_visual_or_species,SV_S2,logistic_l2,default,,1,1,True,55.29096779718847
SV_S2:crown_0362,SV_S2,,-1,0,0,0,label_acacia_visual_or_species,SV_S2,logistic_l2,default,,0,1,False,14.686638264841257
SV_S2:crown_0364,SV_S2,,-1,0,0,0,label_acacia_visual_or_species,SV_S2,logistic_l2,default,,0,1,False,13.65145166845755
SV_S2:crown_0371,SV_S2,,-1,0,0,0,label_acacia_visual_or_species,SV_S2,logistic_l2,default,,0,1,False,26.80352143750577
SV_S2:crown_0377,SV_S2,,-1,1,1,1,label_acacia_visual_or_species,SV_S2,logistic_l2,default,,1,0,False,16.05260809835096
SV_S2:crown_0385,SV_S2,,-1,0,0,0,label_acacia_visual_or_species,SV_S2,logistic_l2,default,,0,0,True,11.672250027476997
SV_S2:crown_0391,SV_S2,,-1,1,1,1,label_acacia_visual_or_species,SV_S2,logistic_l2,default,,1,1,True,29.17237840203744
SV_S2:crown_0411,SV_S2,,-1,1,1,1,label_acacia_visual_or_species,SV_S2,logistic_l2,default,,1,1,True,20.324843112668287
SV_S2:crown_0412,SV_S2,,-1,0,0,0,label_acacia_visual_or_species,SV_S2,logistic_l2,default,,0,1,False,14.978937024536837
SV_S2:crown_0414,SV_S2,,-1,0,1,1,label_acacia_visual_or_species,SV_S2,logistic_l2,default,,1,1,True,13.26271264177499
SV_S2:crown_0418,SV_S2,,-1,0,1,1,label_acacia_visual_or_species,SV_S2,logistic_l2,default,,1,1,True,16.106211476158006
SV_S2:crown_0426,SV_S2,,-1,0,0,0,label_acacia_visual_or_species,SV_S2,logistic_l2,default,,0,1,False,14.929227911157223
SV_S2:crown_0427,SV_S2,,-1,0,0,0,label_acacia_visual_or_species,SV_S2,logistic_l2,default,,0,1,False,25.4819920152204
SV_S2:crown_0430,SV_S2,,-1,0,0,0,label_acacia_visual_or_species,SV_S2,logistic_l2,default,,0,1,False,38.32045911889917
SV_S2:crown_0433,SV_S2,,-1,1,0,0,label_acacia_visual_or_species,SV_S2,logistic_l2,default,,0,1,False,19.807364351854062
SV_S2:crown_0441,SV_S2,,-1,0,0,0,label_acacia_visual_or_species,SV_S2,logistic_l2,default,,0,0,True,22.9536993648232
SV_S2:crown_0445,SV_S2,,-1,1,1,1,label_acacia_visual_or_species,SV_S2,logistic_l2,default,,1,0,False,58.70738137188502
SV_S2:crown_0446,SV_S2,,-1,1,1,1,label_acacia_visual_or_species,SV_S2,logistic_l2,default,,1,0,False,87.45780497644246
SV_S2:crown_0458,SV_S2,,-1,1,1,1,label_acacia_visual_or_species,SV_S2,logistic_l2,default,,1,1,True,20.5736177651361
SV_S2:crown_0463,SV_S2,,-1,1,1,1,label_acacia_visual_or_species,SV_S2,logistic_l2,default,,1,1,True,49.55311563826
SV_S2:crown_0466,SV_S2,,-1,1,1,1,label_acacia_visual_or_species,SV_S2,logistic_l2,default,,1,1,True,15.386918288288209
SV_S2:crown_0469,SV_S2,,-1,1,1,1,label_acacia_visual_or_species,SV_S2,logistic_l2,default,,1,1,True,35.279040128157334
SV_S2:crown_0477,SV_S2,,-1,0,0,0,label_acacia_visual_or_species,SV_S2,logistic_l2,default,,0,1,False,12.030522178060565
SV_S2:crown_0480,SV_S2,,-1,0,0,0,label_acacia_visual_or_species,SV_S2,logistic_l2,default,,0,1,False,45.680157069644224
SV_S2:crown_0496,SV_S2,,-1,0,0,0,label_acacia_visual_or_species,SV_S2,logistic_l2,default,,0,1,False,25.67922495524533
SV_S2:crown_0499,SV_S2,,-1,0,0,0,label_acacia_visual_or_species,SV_S2,logistic_l2,default,,0,1,False,40.063943344690585
SV_S2:crown_0503,SV_S2,,-1,0,1,1,label_acacia_visual_or_species,SV_S2,logistic_l2,default,,1,1,True,29.673592892398002
SV_S2:crown_0520,SV_S2,,-1,1,1,1,label_acacia_visual_or_species,SV_S2,logistic_l2,default,,1,1,True,56.777659773019856
SV_S2:crown_0531,SV_S2,,-1,1,1,1,label_acacia_visual_or_species,SV_S2,logistic_l2,default,,1,1,True,21.890794787155205
SV_S2:crown_0542,SV_S2,,-1,0,0,0,label_acacia_visual_or_species,SV_S2,logistic_l2,default,,0,1,False,23.869996418062588
SV_S2:crown_0546,SV_S2,,-1,1,1,1,label_acacia_visual_or_species,SV_S2,logistic_l2,default,,1,1,True,34.968415422034475
SV_S2:crown_0549,SV_S2,,-1,0,0,0,label_acacia_visual_or_species,SV_S2,logistic_l2,default,,0,0,True,16.704782530512187
SV_S2:crown_0555,SV_S2,,-1,0,0,0,label_acacia_visual_or_species,SV_S2,logistic_l2,default,,0,0,True,14.84126339440098
SV_S2:crown_0562,SV_S2,,-1,0,1,1,label_acacia_visual_or_species,SV_S2,logistic_l2,default,,1,1,True,14.717792368817376
SV_S2:crown_0566,SV_S2,,-1,0,0,0,label_acacia_visual_or_species,SV_S2,logistic_l2,default,,0,1,False,14.706567728504975
SV_S2:crown_0573,SV_S2,,-1,0,0,0,label_acacia_visual_or_species,SV_S2,logistic_l2,default,,0,1,False,27.992875016911782
SV_S2:crown_0574,SV_S2,,-1,0,1,1,label_acacia_visual_or_species,SV_S2,logistic_l2,default,,1,1,True,52.825441500049756
SV_S2:crown_0578,SV_S2,,-1,0,0,0,label_acacia_visual_or_species,SV_S2,logistic_l2,default,,0,1,False,16.153400771922183
SV_S2:crown_0591,SV_S2,,-1,0,0,0,label_acacia_visual_or_species,SV_S2,logistic_l2,default,,0,1,False,26.06933842239671
SV_S2:crown_0593,SV_S2,,-1,1,1,1,label_acacia_visual_or_species,SV_S2,logistic_l2,default,,1,1,True,31.432883230800474
SV_S2:crown_0598,SV_S2,,-1,0,0,0,label_acacia_visual_or_species,SV_S2,logistic_l2,default,,0,1,False,12.629551379785605
SV_S2:crown_0601,SV_S2,,-1,0,0,0,label_acacia_visual_or_species,SV_S2,logistic_l2,default,,0,1,False,21.313756712806462
SV_S2:crown_0606,SV_S2,,-1,1,1,1,label_acacia_visual_or_species,SV_S2,logistic_l2,default,,1,1,True,33.511503097913824
SV_S2:crown_0608,SV_S2,,-1,0,1,1,label_acacia_visual_or_species,SV_S2,logistic_l2,default,,1,1,True,21.231060903368665
SV_S2:crown_0613,SV_S2,,-1,1,1,1,label_acacia_visual_or_species,SV_S2,logistic_l2,default,,1,1,True,21.277333906094245
SV_S2:crown_0615,SV_S2,,-1,0,0,0,label_acacia_visual_or_species,SV_S2,logistic_l2,default,,0,1,False,24.25392488082299
SV_S2:crown_0635,SV_S2,,-1,0,0,0,label_acacia_visual_or_species,SV_S2,logistic_l2,default,,0,0,True,18.326170165034473
SV_S2:crown_0636,SV_S2,,-1,0,0,0,label_acacia_visual_or_species,SV_S2,logistic_l2,default,,0,1,False,15.057280425044738
SV_S2:crown_0637,SV_S2,,-1,0,0,0,label_acacia_visual_or_species,SV_S2,logistic_l2,default,,0,0,True,17.355124364651964
SV_S2:crown_0638,SV_S2,,-1,0,0,0,label_acacia_visual_or_species,SV_S2,logistic_l2,default,,0,1,False,12.51272350596903
SV_S2:crown_0653,SV_S2,,-1,0,0,0,label_acacia_visual_or_species,SV_S2,logistic_l2,default,,0,0,True,21.815200271476655
SV_S2:crown_0658,SV_S2,,-1,0,0,0,label_acacia_visual_or_species,SV_S2,logistic_l2,default,,0,0,True,45.52850990621613
SV_S2:crown_0659,SV_S2,,-1,1,1,1,label_acacia_visual_or_species,SV_S2,logistic_l2,default,,1,1,True,9.734510831915749
SV_S2:crown_0666,SV_S2,,-1,1,1,1,label_acacia_visual_or_species,SV_S2,logistic_l2,default,,1,1,True,27.432330293661202
SV_S2:crown_0672,SV_S2,,-1,1,1,1,label_acacia_visual_or_species,SV_S2,logistic_l2,default,,1,1,True,16.23403491891475
SV_S2:crown_0673,SV_S2,,-1,1,1,1,label_acacia_visual_or_species,SV_S2,logistic_l2,default,,1,1,True,20.21557469122867
SV_S2:crown_0674,SV_S2,,-1,0,0,0,label_acacia_visual_or_species,SV_S2,logistic_l2,default,,0,1,False,10.86934473826591
SV_S2:crown_0679,SV_S2,,-1,1,1,1,label_acacia_visual_or_species,SV_S2,logistic_l2,default,,1,1,True,17.95736059863279
SV_S2:crown_0689,SV_S2,,-1,1,1,1,label_acacia_visual_or_species,SV_S2,logistic_l2,default,,1,1,True,13.76415620244246
SV_S2:crown_0692,SV_S2,,-1,0,0,0,label_acacia_visual_or_species,SV_S2,logistic_l2,default,,0,1,False,11.808320143700987
SV_S2:crown_0699,SV_S2,,-1,0,0,0,label_acacia_visual_or_species,SV_S2,logistic_l2,default,,0,0,True,11.625060733008699
SV_S2:crown_0701,SV_S2,,-1,0,0,0,label_acacia_visual_or_species,SV_S2,logistic_l2,default,,0,1,False,13.235452804816722
SV_S2:crown_0716,SV_S2,,-1,0,0,0,label_acacia_visual_or_species,SV_S2,logistic_l2,default,,0,1,False,20.123257767566617
SV_S2:crown_0157,SV_S2,,1,0,-1,1,label_acacia_visual_or_species,SV_S2,logistic_l2,default,,1,0,False,27.450656234315023
SV_S2:crown_0350,SV_S2,,0,0,-1,0,label_acacia_visual_or_species,SV_S2,logistic_l2,default,,0,1,False,16.213876381157768
SV_S2:crown_0550,SV_S2,,0,1,-1,0,label_acacia_visual_or_species,SV_S2,logistic_l2,default,,0,0,True,423.8070881482109
SV_S2:crown_0071,SV_S2,Neem,0,0,-1,0,label_acacia_visual_or_species,SV_S2,logistic_l2,default,,0,1,False,15.185791088947761
SV_S2:crown_0221,SV_S2,Neem,0,0,-1,0,label_acacia_visual_or_species,SV_S2,logistic_l2,default,,0,1,False,71.49568121022438
SV_S2:crown_0344,SV_S2,Neem,0,0,-1,0,label_acacia_visual_or_species,SV_S2,logistic_l2,default,,0,1,False,20.32919553019157
SV_S2:crown_0351,SV_S2,Neem,0,0,-1,0,label_acacia_visual_or_species,SV_S2,logistic_l2,default,,0,1,False,10.909661807622754
SV_S2:crown_0421,SV_S2,Neem,0,0,-1,0,label_acacia_visual_or_species,SV_S2,logistic_l2,default,,0,1,False,21.92698851693953
SV_S2:crown_0424,SV_S2,Neem,0,0,-1,0,label_acacia_visual_or_species,SV_S2,logistic_l2,default,,0,1,False,17.242190749671387
SV_S2:crown_0268,SV_S2,Peepal,0,0,-1,0,label_acacia_visual_or_species,SV_S2,logistic_l2,default,,0,0,True,21.193034575790897
SV_S2:crown_0105,SV_S2,Prosopis Juliflora,1,1,-1,1,label_acacia_visual_or_species,SV_S2,logistic_l2,default,,1,1,True,132.62277402113824
SV_S2:crown_0113,SV_S2,Prosopis Juliflora,1,1,1,1,label_acacia_visual_or_species,SV_S2,logistic_l2,default,,1,1,True,58.89842930504938
SV_S2:crown_0152,SV_S2,Prosopis Juliflora,1,0,1,1,label_acacia_visual_or_species,SV_S2,logistic_l2,default,,1,1,True,24.61952741342278
SV_S2:crown_0169,SV_S2,Prosopis Juliflora,1,1,1,1,label_acacia_visual_or_species,SV_S2,logistic_l2,default,,1,1,True,42.603918780569394
SV_S2:crown_0192,SV_S2,Prosopis Juliflora,1,1,-1,1,label_acacia_visual_or_species,SV_S2,logistic_l2,default,,1,0,False,44.97735722544858
SV_S2:crown_0476,SV_S2,Prosopis Juliflora,1,1,-1,1,label_acacia_visual_or_species,SV_S2,logistic_l2,default,,1,1,True,44.77531372282714
SV_S2:crown_0133,SV_S2,Subabool,1,0,-1,1,label_acacia_visual_or_species,SV_S2,logistic_l2,default,,1,1,True,39.79065774136355
SV_S3:crown_0001,SV_S3,,-1,1,1,1,label_acacia_visual_or_species,SV_S3,hist_gradient,threshold_cv,0.1,1,1,True,43.89459804255672
SV_S3:crown_0003,SV_S3,,-1,1,1,1,label_acacia_visual_or_species,SV_S3,hist_gradient,threshold_cv,0.1,1,1,True,20.59341325435255
SV_S3:crown_0014,SV_S3,,-1,1,1,1,label_acacia_visual_or_species,SV_S3,hist_gradient,threshold_cv,0.1,1,1,True,20.389780878019245
SV_S3:crown_0015,SV_S3,,-1,1,1,1,label_acacia_visual_or_species,SV_S3,hist_gradient,threshold_cv,0.1,1,1,True,56.696273275193505
SV_S3:crown_0017,SV_S3,,-1,0,0,0,label_acacia_visual_or_species,SV_S3,hist_gradient,threshold_cv,0.1,0,0,True,14.55992264760239
SV_S3:crown_0022,SV_S3,,-1,0,1,1,label_acacia_visual_or_species,SV_S3,hist_gradient,threshold_cv,0.1,1,1,True,14.818299377461997
SV_S3:crown_0024,SV_S3,,-1,0,1,1,label_acacia_visual_or_species,SV_S3,hist_gradient,threshold_cv,0.1,1,1,True,14.571327724645256
SV_S3:crown_0025,SV_S3,,-1,1,1,1,label_acacia_visual_or_species,SV_S3,hist_gradient,threshold_cv,0.1,1,1,True,21.184196003625168
SV_S3:crown_0026,SV_S3,,-1,1,1,1,label_acacia_visual_or_species,SV_S3,hist_gradient,threshold_cv,0.1,1,0,False,17.7877654766343
SV_S3:crown_0032,SV_S3,,-1,0,1,1,label_acacia_visual_or_species,SV_S3,hist_gradient,threshold_cv,0.1,1,1,True,18.45402905643781
SV_S3:crown_0044,SV_S3,,-1,1,1,1,label_acacia_visual_or_species,SV_S3,hist_gradient,threshold_cv,0.1,1,1,True,20.57869034157836
SV_S3:crown_0055,SV_S3,,-1,0,0,0,label_acacia_visual_or_species,SV_S3,hist_gradient,threshold_cv,0.1,0,0,True,23.60414497638606
SV_S3:crown_0056,SV_S3,,-1,0,0,0,label_acacia_visual_or_species,SV_S3,hist_gradient,threshold_cv,0.1,0,0,True,26.64992137226691
SV_S3:crown_0070,SV_S3,,-1,1,1,1,label_acacia_visual_or_species,SV_S3,hist_gradient,threshold_cv,0.1,1,1,True,24.269164372386562
SV_S3:crown_0071,SV_S3,,-1,0,0,0,label_acacia_visual_or_species,SV_S3,hist_gradient,threshold_cv,0.1,0,1,False,46.931250380164364
SV_S3:crown_0074,SV_S3,,-1,1,1,1,label_acacia_visual_or_species,SV_S3,hist_gradient,threshold_cv,0.1,1,1,True,21.941285438035436
SV_S3:crown_0075,SV_S3,,-1,0,0,0,label_acacia_visual_or_species,SV_S3,hist_gradient,threshold_cv,0.1,0,1,False,19.287636156673916
SV_S3:crown_0078,SV_S3,,-1,1,1,1,label_acacia_visual_or_species,SV_S3,hist_gradient,threshold_cv,0.1,1,1,True,21.090467040697924
SV_S3:crown_0093,SV_S3,,-1,1,0,0,label_acacia_visual_or_species,SV_S3,hist_gradient,threshold_cv,0.1,0,1,False,32.07002645699744
SV_S3:crown_0097,SV_S3,,-1,1,1,1,label_acacia_visual_or_species,SV_S3,hist_gradient,threshold_cv,0.1,1,1,True,14.357534455892377
SV_S3:crown_0111,SV_S3,,-1,1,1,1,label_acacia_visual_or_species,SV_S3,hist_gradient,threshold_cv,0.1,1,0,False,27.12312819003285
SV_S3:crown_0117,SV_S3,,-1,0,0,0,label_acacia_visual_or_species,SV_S3,hist_gradient,threshold_cv,0.1,0,0,True,18.07724694210982
SV_S3:crown_0119,SV_S3,,-1,1,1,1,label_acacia_visual_or_species,SV_S3,hist_gradient,threshold_cv,0.1,1,1,True,77.76413752428951
SV_S3:crown_0122,SV_S3,,-1,1,1,1,label_acacia_visual_or_species,SV_S3,hist_gradient,threshold_cv,0.1,1,1,True,26.12881325147752
SV_S3:crown_0131,SV_S3,,-1,1,1,1,label_acacia_visual_or_species,SV_S3,hist_gradient,threshold_cv,0.1,1,1,True,20.394757636927363
SV_S3:crown_0138,SV_S3,,-1,0,0,0,label_acacia_visual_or_species,SV_S3,hist_gradient,threshold_cv,0.1,0,0,True,13.7905986860823
SV_S3:crown_0142,SV_S3,,-1,0,1,1,label_acacia_visual_or_species,SV_S3,hist_gradient,threshold_cv,0.1,1,1,True,52.24912454367084
SV_S3:crown_0151,SV_S3,,-1,0,0,0,label_acacia_visual_or_species,SV_S3,hist_gradient,threshold_cv,0.1,0,1,False,13.20603688588873
SV_S3:crown_0161,SV_S3,,-1,0,0,0,label_acacia_visual_or_species,SV_S3,hist_gradient,threshold_cv,0.1,0,1,False,17.390039499942134
SV_S3:crown_0165,SV_S3,,-1,1,1,1,label_acacia_visual_or_species,SV_S3,hist_gradient,threshold_cv,0.1,1,1,True,19.524239569127303
SV_S3:crown_0172,SV_S3,,-1,1,0,0,label_acacia_visual_or_species,SV_S3,hist_gradient,threshold_cv,0.1,0,1,False,66.78831069135256
SV_S3:crown_0177,SV_S3,,-1,0,1,1,label_acacia_visual_or_species,SV_S3,hist_gradient,threshold_cv,0.1,1,1,True,12.61525414490439
SV_S3:crown_0190,SV_S3,,-1,0,0,0,label_acacia_visual_or_species,SV_S3,hist_gradient,threshold_cv,0.1,0,1,False,10.861776120411177
SV_S3:crown_0197,SV_S3,,-1,0,1,1,label_acacia_visual_or_species,SV_S3,hist_gradient,threshold_cv,0.1,1,1,True,24.390472869970374
SV_S3:crown_0201,SV_S3,,0,0,-1,0,label_acacia_visual_or_species,SV_S3,hist_gradient,threshold_cv,0.1,0,1,False,11.925765686179009
SV_S3:crown_0209,SV_S3,,-1,1,1,1,label_acacia_visual_or_species,SV_S3,hist_gradient,threshold_cv,0.1,1,1,True,58.93622947199713
SV_S3:crown_0211,SV_S3,,-1,1,0,0,label_acacia_visual_or_species,SV_S3,hist_gradient,threshold_cv,0.1,0,1,False,13.918128126443621
SV_S3:crown_0213,SV_S3,,-1,1,1,1,label_acacia_visual_or_species,SV_S3,hist_gradient,threshold_cv,0.1,1,1,True,19.798998132434377
SV_S3:crown_0223,SV_S3,,-1,1,1,1,label_acacia_visual_or_species,SV_S3,hist_gradient,threshold_cv,0.1,1,1,True,71.94547701067562
SV_S3:crown_0245,SV_S3,,-1,0,0,0,label_acacia_visual_or_species,SV_S3,hist_gradient,threshold_cv,0.1,0,1,False,25.561877475215326
SV_S3:crown_0246,SV_S3,,-1,1,1,1,label_acacia_visual_or_species,SV_S3,hist_gradient,threshold_cv,0.1,1,1,True,13.958979019449762
SV_S3:crown_0254,SV_S3,,-1,1,1,1,label_acacia_visual_or_species,SV_S3,hist_gradient,threshold_cv,0.1,1,1,True,31.70921143881396
SV_S3:crown_0257,SV_S3,,-1,1,1,1,label_acacia_visual_or_species,SV_S3,hist_gradient,threshold_cv,0.1,1,1,True,31.611127816954998
SV_S3:crown_0258,SV_S3,,-1,0,0,0,label_acacia_visual_or_species,SV_S3,hist_gradient,threshold_cv,0.1,0,1,False,17.559871392338298
SV_S3:crown_0265,SV_S3,,-1,0,0,0,label_acacia_visual_or_species,SV_S3,hist_gradient,threshold_cv,0.1,0,1,False,12.646151520625326
SV_S3:crown_0266,SV_S3,,-1,1,1,1,label_acacia_visual_or_species,SV_S3,hist_gradient,threshold_cv,0.1,1,1,True,17.55551673229706
SV_S3:crown_0267,SV_S3,,-1,1,0,0,label_acacia_visual_or_species,SV_S3,hist_gradient,threshold_cv,0.1,0,1,False,11.938207577538927
SV_S3:crown_0269,SV_S3,,-1,1,1,1,label_acacia_visual_or_species,SV_S3,hist_gradient,threshold_cv,0.1,1,1,True,40.015214534224306
SV_S3:crown_0271,SV_S3,,-1,1,1,1,label_acacia_visual_or_species,SV_S3,hist_gradient,threshold_cv,0.1,1,1,True,32.50155291654569
SV_S3:crown_0272,SV_S3,,-1,0,0,0,label_acacia_visual_or_species,SV_S3,hist_gradient,threshold_cv,0.1,0,1,False,12.383420127165929
SV_S3:crown_0275,SV_S3,,-1,0,0,0,label_acacia_visual_or_species,SV_S3,hist_gradient,threshold_cv,0.1,0,1,False,25.26264985188015
SV_S3:crown_0295,SV_S3,,-1,1,1,1,label_acacia_visual_or_species,SV_S3,hist_gradient,threshold_cv,0.1,1,1,True,28.064150335638697
SV_S3:crown_0298,SV_S3,,-1,1,1,1,label_acacia_visual_or_species,SV_S3,hist_gradient,threshold_cv,0.1,1,1,True,36.766635226572106
SV_S3:crown_0299,SV_S3,,-1,0,1,1,label_acacia_visual_or_species,SV_S3,hist_gradient,threshold_cv,0.1,1,1,True,11.26800405874533
SV_S3:crown_0301,SV_S3,,-1,1,1,1,label_acacia_visual_or_species,SV_S3,hist_gradient,threshold_cv,0.1,1,0,False,38.74904415216178
SV_S3:crown_0303,SV_S3,,-1,0,1,1,label_acacia_visual_or_species,SV_S3,hist_gradient,threshold_cv,0.1,1,1,True,23.312175131061743
SV_S3:crown_0310,SV_S3,,-1,0,0,0,label_acacia_visual_or_species,SV_S3,hist_gradient,threshold_cv,0.1,0,1,False,12.717899793858114
SV_S3:crown_0325,SV_S3,,-1,0,1,1,label_acacia_visual_or_species,SV_S3,hist_gradient,threshold_cv,0.1,1,1,True,17.307508247550675
SV_S3:crown_0337,SV_S3,,-1,1,1,1,label_acacia_visual_or_species,SV_S3,hist_gradient,threshold_cv,0.1,1,1,True,16.263010992956147
SV_S3:crown_0350,SV_S3,,-1,0,0,0,label_acacia_visual_or_species,SV_S3,hist_gradient,threshold_cv,0.1,0,1,False,22.06528967554554
SV_S3:crown_0353,SV_S3,,-1,1,1,1,label_acacia_visual_or_species,SV_S3,hist_gradient,threshold_cv,0.1,1,1,True,24.660669398728892
SV_S3:crown_0354,SV_S3,,-1,1,1,1,label_acacia_visual_or_species,SV_S3,hist_gradient,threshold_cv,0.1,1,1,True,20.093456361767043
SV_S3:crown_0357,SV_S3,,-1,1,1,1,label_acacia_visual_or_species,SV_S3,hist_gradient,threshold_cv,0.1,1,1,True,19.125269405924687
SV_S3:crown_0363,SV_S3,,-1,0,0,0,label_acacia_visual_or_species,SV_S3,hist_gradient,threshold_cv,0.1,0,1,False,17.6658348798422
SV_S3:crown_0371,SV_S3,,-1,1,0,0,label_acacia_visual_or_species,SV_S3,hist_gradient,threshold_cv,0.1,0,0,True,20.777968061871142
SV_S3:crown_0375,SV_S3,,-1,1,1,1,label_acacia_visual_or_species,SV_S3,hist_gradient,threshold_cv,0.1,1,0,False,27.899295197134055
SV_S3:crown_0377,SV_S3,,-1,0,0,0,label_acacia_visual_or_species,SV_S3,hist_gradient,threshold_cv,0.1,0,0,True,18.230282278220994
SV_S3:crown_0380,SV_S3,,-1,0,0,0,label_acacia_visual_or_species,SV_S3,hist_gradient,threshold_cv,0.1,0,1,False,41.8676056477558
SV_S3:crown_0383,SV_S3,,-1,1,1,1,label_acacia_visual_or_species,SV_S3,hist_gradient,threshold_cv,0.1,1,1,True,28.990449569749362
SV_S3:crown_0388,SV_S3,,-1,0,1,1,label_acacia_visual_or_species,SV_S3,hist_gradient,threshold_cv,0.1,1,1,True,66.56933330351094
SV_S3:crown_0389,SV_S3,,-1,1,1,1,label_acacia_visual_or_species,SV_S3,hist_gradient,threshold_cv,0.1,1,1,True,26.26173418497618
SV_S3:crown_0392,SV_S3,,-1,0,0,0,label_acacia_visual_or_species,SV_S3,hist_gradient,threshold_cv,0.1,0,1,False,15.180358581445862
SV_S3:crown_0394,SV_S3,,-1,0,0,0,label_acacia_visual_or_species,SV_S3,hist_gradient,threshold_cv,0.1,0,1,False,17.107193703659195
SV_S3:crown_0405,SV_S3,,-1,0,1,1,label_acacia_visual_or_species,SV_S3,hist_gradient,threshold_cv,0.1,1,0,False,13.232579599499937
SV_S3:crown_0407,SV_S3,,-1,1,1,1,label_acacia_visual_or_species,SV_S3,hist_gradient,threshold_cv,0.1,1,1,True,23.26240753656567
SV_S3:crown_0414,SV_S3,,-1,1,1,1,label_acacia_visual_or_species,SV_S3,hist_gradient,threshold_cv,0.1,1,0,False,89.83733969788123
SV_S3:crown_0419,SV_S3,,-1,0,0,0,label_acacia_visual_or_species,SV_S3,hist_gradient,threshold_cv,0.1,0,1,False,33.549575380416265
SV_S3:crown_0421,SV_S3,,-1,0,1,1,label_acacia_visual_or_species,SV_S3,hist_gradient,threshold_cv,0.1,1,1,True,14.156183093581214
SV_S3:crown_0427,SV_S3,,-1,0,0,0,label_acacia_visual_or_species,SV_S3,hist_gradient,threshold_cv,0.1,0,0,True,23.28459559347608
SV_S3:crown_0435,SV_S3,,-1,1,1,1,label_acacia_visual_or_species,SV_S3,hist_gradient,threshold_cv,0.1,1,1,True,28.99915889726663
SV_S3:crown_0442,SV_S3,,-1,1,1,1,label_acacia_visual_or_species,SV_S3,hist_gradient,threshold_cv,0.1,1,1,True,39.49908317531005
SV_S3:crown_0445,SV_S3,,-1,0,1,1,label_acacia_visual_or_species,SV_S3,hist_gradient,threshold_cv,0.1,1,0,False,15.8306550665617
SV_S3:crown_0447,SV_S3,,-1,1,1,1,label_acacia_visual_or_species,SV_S3,hist_gradient,threshold_cv,0.1,1,0,False,13.936376243917065
SV_S3:crown_0448,SV_S3,,-1,1,1,1,label_acacia_visual_or_species,SV_S3,hist_gradient,threshold_cv,0.1,1,0,False,12.19471802033674
SV_S3:crown_0449,SV_S3,,-1,1,1,1,label_acacia_visual_or_species,SV_S3,hist_gradient,threshold_cv,0.1,1,0,False,11.723999583869338
SV_S3:crown_0462,SV_S3,,-1,1,1,1,label_acacia_visual_or_species,SV_S3,hist_gradient,threshold_cv,0.1,1,1,True,31.571313747491846
SV_S3:crown_0464,SV_S3,,-1,1,1,1,label_acacia_visual_or_species,SV_S3,hist_gradient,threshold_cv,0.1,1,1,True,29.080031232063316
SV_S3:crown_0466,SV_S3,,-1,1,1,1,label_acacia_visual_or_species,SV_S3,hist_gradient,threshold_cv,0.1,1,1,True,14.16489241969971
SV_S3:crown_0553,SV_S3,Acacia unknown,1,1,-1,1,label_acacia_visual_or_species,SV_S3,hist_gradient,threshold_cv,0.1,1,0,False,20.627006379280246
SV_S3:crown_0384,SV_S3,,0,0,-1,0,label_acacia_visual_or_species,SV_S3,hist_gradient,threshold_cv,0.1,0,1,False,39.2000629234476
SV_S3:crown_0458,SV_S3,,0,0,-1,0,label_acacia_visual_or_species,SV_S3,hist_gradient,threshold_cv,0.1,0,0,True,29.1648434958702
SV_S3:crown_0525,SV_S3,,0,0,-1,0,label_acacia_visual_or_species,SV_S3,hist_gradient,threshold_cv,0.1,0,0,True,28.055233644809
SV_S3:crown_0539,SV_S3,,0,0,-1,0,label_acacia_visual_or_species,SV_S3,hist_gradient,threshold_cv,0.1,0,0,True,26.89398992155451
SV_S3:crown_0459,SV_S3,Banyan,0,0,-1,0,label_acacia_visual_or_species,SV_S3,hist_gradient,threshold_cv,0.1,0,0,True,31.197227374925124
SV_S3:crown_0626,SV_S3,Neem,0,0,-1,0,label_acacia_visual_or_species,SV_S3,hist_gradient,threshold_cv,0.1,0,0,True,16.421230450529237
SV_S3:crown_0454,SV_S3,Peepal,0,0,-1,0,label_acacia_visual_or_species,SV_S3,hist_gradient,threshold_cv,0.1,0,0,True,21.05811811416425
SV_S3:crown_0180,SV_S3,Prosopis Juliflora,1,1,-1,1,label_acacia_visual_or_species,SV_S3,hist_gradient,threshold_cv,0.1,1,1,True,63.814282565864275
SV_S3:crown_0181,SV_S3,Prosopis Juliflora,1,0,1,1,label_acacia_visual_or_species,SV_S3,hist_gradient,threshold_cv,0.1,1,1,True,10.628490549328024
SV_S3:crown_0193,SV_S3,Prosopis Juliflora,1,1,1,1,label_acacia_visual_or_species,SV_S3,hist_gradient,threshold_cv,0.1,1,1,True,59.291238261721176
SV_S3:crown_0196,SV_S3,Prosopis Juliflora,1,1,-1,1,label_acacia_visual_or_species,SV_S3,hist_gradient,threshold_cv,0.1,1,1,True,37.37276297606215
SV_S3:crown_0222,SV_S3,Prosopis Juliflora,1,1,-1,1,label_acacia_visual_or_species,SV_S3,hist_gradient,threshold_cv,0.1,1,1,True,51.48270368389583
SV_S3:crown_0234,SV_S3,Prosopis Juliflora,1,1,1,1,label_acacia_visual_or_species,SV_S3,hist_gradient,threshold_cv,0.1,1,1,True,34.88065099781416
SV_S3:crown_0238,SV_S3,Prosopis Juliflora,1,1,-1,1,label_acacia_visual_or_species,SV_S3,hist_gradient,threshold_cv,0.1,1,1,True,17.162767508602624
SV_S3:crown_0239,SV_S3,Prosopis Juliflora,1,1,-1,1,label_acacia_visual_or_species,SV_S3,hist_gradient,threshold_cv,0.1,1,1,True,67.80916835600252
SV_S3:crown_0242,SV_S3,Prosopis Juliflora,1,1,-1,1,label_acacia_visual_or_species,SV_S3,hist_gradient,threshold_cv,0.1,1,1,True,56.98160744038047
SV_S3:crown_0251,SV_S3,Prosopis Juliflora,1,1,-1,1,label_acacia_visual_or_species,SV_S3,hist_gradient,threshold_cv,0.1,1,1,True,49.10982655546768
SV_S3:crown_0252,SV_S3,Prosopis Juliflora,1,1,-1,1,label_acacia_visual_or_species,SV_S3,hist_gradient,threshold_cv,0.1,1,1,True,25.695005774446976
SV_S3:crown_0274,SV_S3,Prosopis Juliflora,1,1,-1,1,label_acacia_visual_or_species,SV_S3,hist_gradient,threshold_cv,0.1,1,1,True,35.27028974095557
SV_S3:crown_0313,SV_S3,Prosopis Juliflora,1,1,1,1,label_acacia_visual_or_species,SV_S3,hist_gradient,threshold_cv,0.1,1,1,True,66.7190508005468
SV_S3:crown_0319,SV_S3,Prosopis Juliflora,1,1,-1,1,label_acacia_visual_or_species,SV_S3,hist_gradient,threshold_cv,0.1,1,1,True,50.51285780988496
SV_S3:crown_0382,SV_S3,Prosopis Juliflora,1,1,1,1,label_acacia_visual_or_species,SV_S3,hist_gradient,threshold_cv,0.1,1,0,False,42.333762057543304
SV_S3:crown_0397,SV_S3,Prosopis Juliflora,1,1,1,1,label_acacia_visual_or_species,SV_S3,hist_gradient,threshold_cv,0.1,1,1,True,21.344281742116152
SV_S4:crown_0013,SV_S4,,-1,0,0,0,label_acacia_visual_or_species,SV_S4,logistic_l2,threshold_cv,0.3,0,1,False,128.99025221221274
SV_S4:crown_0021,SV_S4,,-1,1,0,0,label_acacia_visual_or_species,SV_S4,logistic_l2,threshold_cv,0.3,0,1,False,106.31040353197554
SV_S4:crown_0030,SV_S4,,0,0,-1,0,label_acacia_visual_or_species,SV_S4,logistic_l2,threshold_cv,0.3,0,1,False,89.69699093573837
SV_S4:crown_0031,SV_S4,,0,0,-1,0,label_acacia_visual_or_species,SV_S4,logistic_l2,threshold_cv,0.3,0,1,False,89.41324538123915
SV_S4:crown_0043,SV_S4,,-1,0,0,0,label_acacia_visual_or_species,SV_S4,logistic_l2,threshold_cv,0.3,0,0,True,72.20114765795805
SV_S4:crown_0051,SV_S4,,-1,1,0,0,label_acacia_visual_or_species,SV_S4,logistic_l2,threshold_cv,0.3,0,1,False,67.00954370059675
SV_S4:crown_0059,SV_S4,,-1,0,0,0,label_acacia_visual_or_species,SV_S4,logistic_l2,threshold_cv,0.3,0,1,False,59.89330901865774
SV_S4:crown_0061,SV_S4,,-1,0,0,0,label_acacia_visual_or_species,SV_S4,logistic_l2,threshold_cv,0.3,0,1,False,55.93786789890288
SV_S4:crown_0062,SV_S4,,-1,0,0,0,label_acacia_visual_or_species,SV_S4,logistic_l2,threshold_cv,0.3,0,0,True,54.92626198621534
SV_S4:crown_0069,SV_S4,,-1,0,0,0,label_acacia_visual_or_species,SV_S4,logistic_l2,threshold_cv,0.3,0,1,False,52.348956451941234
SV_S4:crown_0071,SV_S4,,0,1,0,0,label_acacia_visual_or_species,SV_S4,logistic_l2,threshold_cv,0.3,0,0,True,51.21697363066163
SV_S4:crown_0079,SV_S4,,-1,0,0,0,label_acacia_visual_or_species,SV_S4,logistic_l2,threshold_cv,0.3,0,1,False,47.79483018941313
SV_S4:crown_0081,SV_S4,,-1,0,0,0,label_acacia_visual_or_species,SV_S4,logistic_l2,threshold_cv,0.3,0,1,False,47.234337727898726
SV_S4:crown_0085,SV_S4,,0,0,0,0,label_acacia_visual_or_species,SV_S4,logistic_l2,threshold_cv,0.3,0,0,True,42.95955787569118
SV_S4:crown_0090,SV_S4,,-1,1,1,1,label_acacia_visual_or_species,SV_S4,logistic_l2,threshold_cv,0.3,1,1,True,41.84357198757008
SV_S4:crown_0093,SV_S4,,-1,0,0,0,label_acacia_visual_or_species,SV_S4,logistic_l2,threshold_cv,0.3,0,1,False,41.060122296206394
SV_S4:crown_0100,SV_S4,,-1,1,1,1,label_acacia_visual_or_species,SV_S4,logistic_l2,threshold_cv,0.3,1,1,True,36.13006815811786
SV_S4:crown_0101,SV_S4,,-1,1,1,1,label_acacia_visual_or_species,SV_S4,logistic_l2,threshold_cv,0.3,1,1,True,35.765738059357176
SV_S4:crown_0103,SV_S4,,-1,1,1,1,label_acacia_visual_or_species,SV_S4,logistic_l2,threshold_cv,0.3,1,1,True,35.46219630074104
SV_S4:crown_0111,SV_S4,,-1,1,1,1,label_acacia_visual_or_species,SV_S4,logistic_l2,threshold_cv,0.3,1,1,True,32.297603458586245
SV_S4:crown_0114,SV_S4,,-1,1,1,1,label_acacia_visual_or_species,SV_S4,logistic_l2,threshold_cv,0.3,1,1,True,31.39017755200042
SV_S4:crown_0116,SV_S4,,-1,1,1,1,label_acacia_visual_or_species,SV_S4,logistic_l2,threshold_cv,0.3,1,1,True,30.612726716012272
SV_S4:crown_0120,SV_S4,,-1,1,1,1,label_acacia_visual_or_species,SV_S4,logistic_l2,threshold_cv,0.3,1,1,True,29.207396334497723
SV_S4:crown_0123,SV_S4,,-1,1,1,1,label_acacia_visual_or_species,SV_S4,logistic_l2,threshold_cv,0.3,1,1,True,27.249771918055266
SV_S4:crown_0126,SV_S4,,-1,1,1,1,label_acacia_visual_or_species,SV_S4,logistic_l2,threshold_cv,0.3,1,1,True,26.004410854562412
SV_S4:crown_0127,SV_S4,,-1,1,1,1,label_acacia_visual_or_species,SV_S4,logistic_l2,threshold_cv,0.3,1,1,True,25.831244080718136
SV_S4:crown_0135,SV_S4,,-1,1,1,1,label_acacia_visual_or_species,SV_S4,logistic_l2,threshold_cv,0.3,1,1,True,24.22075306089577
SV_S4:crown_0138,SV_S4,,-1,1,1,1,label_acacia_visual_or_species,SV_S4,logistic_l2,threshold_cv,0.3,1,1,True,23.11576506171536
SV_S4:crown_0143,SV_S4,,-1,1,1,1,label_acacia_visual_or_species,SV_S4,logistic_l2,threshold_cv,0.3,1,1,True,22.35871030624046
SV_S4:crown_0144,SV_S4,,-1,1,1,1,label_acacia_visual_or_species,SV_S4,logistic_l2,threshold_cv,0.3,1,1,True,21.842009439153628
SV_S4:crown_0146,SV_S4,,-1,1,1,1,label_acacia_visual_or_species,SV_S4,logistic_l2,threshold_cv,0.3,1,1,True,21.24092476138082
SV_S4:crown_0150,SV_S4,,-1,0,0,0,label_acacia_visual_or_species,SV_S4,logistic_l2,threshold_cv,0.3,0,1,False,19.953171823497733
SV_S4:crown_0158,SV_S4,,-1,1,1,1,label_acacia_visual_or_species,SV_S4,logistic_l2,threshold_cv,0.3,1,1,True,15.011319962487732
SV_S4:crown_0167,SV_S4,,-1,1,1,1,label_acacia_visual_or_species,SV_S4,logistic_l2,threshold_cv,0.3,1,1,True,12.99170744264822
SV_S4:crown_0170,SV_S4,,-1,1,1,1,label_acacia_visual_or_species,SV_S4,logistic_l2,threshold_cv,0.3,1,1,True,11.826930913424532
SV_S4:crown_0130,SV_S4,Bamboo clump,0,1,-1,0,label_acacia_visual_or_species,SV_S4,logistic_l2,threshold_cv,0.3,0,0,True,25.174370097380063
SV_S4:crown_0044,SV_S4,Banyan,0,1,0,0,label_acacia_visual_or_species,SV_S4,logistic_l2,threshold_cv,0.3,0,0,True,71.80342396643636
SV_S4:crown_0001,SV_S4,Karanj,0,0,-1,0,label_acacia_visual_or_species,SV_S4,logistic_l2,threshold_cv,0.3,0,0,True,217.3291037478703
SV_S4:crown_0076,SV_S4,Peepal,0,0,0,0,label_acacia_visual_or_species,SV_S4,logistic_l2,threshold_cv,0.3,0,0,True,48.62107167438304
SV_S4:crown_0002,SV_S4,Prosopis Juliflora,1,1,-1,1,label_acacia_visual_or_species,SV_S4,logistic_l2,threshold_cv,0.3,1,1,True,204.797508021424
SV_S4:crown_0003,SV_S4,Prosopis Juliflora,1,1,-1,1,label_acacia_visual_or_species,SV_S4,logistic_l2,threshold_cv,0.3,1,1,True,194.69444637111792
SV_S4:crown_0014,SV_S4,Prosopis Juliflora,1,1,-1,1,label_acacia_visual_or_species,SV_S4,logistic_l2,threshold_cv,0.3,1,1,True,126.38615183502476
SV_S4:crown_0015,SV_S4,Prosopis Juliflora,1,1,-1,1,label_acacia_visual_or_species,SV_S4,logistic_l2,threshold_cv,0.3,1,1,True,126.08340992602119
SV_S4:crown_0016,SV_S4,Prosopis Juliflora,1,1,-1,1,label_acacia_visual_or_species,SV_S4,logistic_l2,threshold_cv,0.3,1,1,True,125.20657815271937
SV_S4:crown_0023,SV_S4,Prosopis Juliflora,1,1,-1,1,label_acacia_visual_or_species,SV_S4,logistic_l2,threshold_cv,0.3,1,1,True,95.83121404287665
SV_S4:crown_0029,SV_S4,Prosopis Juliflora,1,1,-1,1,label_acacia_visual_or_species,SV_S4,logistic_l2,threshold_cv,0.3,1,1,True,89.72858488256546
SV_S4:crown_0035,SV_S4,Prosopis Juliflora,1,1,-1,1,label_acacia_visual_or_species,SV_S4,logistic_l2,threshold_cv,0.3,1,1,True,84.64715979248552
SV_S4:crown_0046,SV_S4,Prosopis Juliflora,1,1,-1,1,label_acacia_visual_or_species,SV_S4,logistic_l2,threshold_cv,0.3,1,1,True,70.62884931123358
SV_S4:crown_0049,SV_S4,Prosopis Juliflora,1,1,-1,1,label_acacia_visual_or_species,SV_S4,logistic_l2,threshold_cv,0.3,1,1,True,68.66422623359702
SV_S4:crown_0065,SV_S4,Prosopis Juliflora,1,1,-1,1,label_acacia_visual_or_species,SV_S4,logistic_l2,threshold_cv,0.3,1,1,True,54.1322143153918
SV_S4:crown_0082,SV_S4,Prosopis Juliflora,1,1,-1,1,label_acacia_visual_or_species,SV_S4,logistic_l2,threshold_cv,0.3,1,1,True,45.83820558089619
SV_S4:crown_0094,SV_S4,Prosopis Juliflora,1,1,-1,1,label_acacia_visual_or_species,SV_S4,logistic_l2,threshold_cv,0.3,1,1,True,40.20688599719215
SV_S4:crown_0096,SV_S4,Prosopis Juliflora,1,0,-1,1,label_acacia_visual_or_species,SV_S4,logistic_l2,threshold_cv,0.3,1,1,True,39.41763742266447
SV_S4:crown_0108,SV_S4,Prosopis Juliflora,1,1,-1,1,label_acacia_visual_or_species,SV_S4,logistic_l2,threshold_cv,0.3,1,1,True,33.246221453342855
SV_S4:crown_0109,SV_S4,Prosopis Juliflora,1,1,-1,1,label_acacia_visual_or_species,SV_S4,logistic_l2,threshold_cv,0.3,1,1,True,32.83030125034317
SV_S4:crown_0113,SV_S4,Prosopis Juliflora,1,1,-1,1,label_acacia_visual_or_species,SV_S4,logistic_l2,threshold_cv,0.3,1,1,True,31.98346371759755
SV_S4:crown_0118,SV_S4,Prosopis Juliflora,1,1,1,1,label_acacia_visual_or_species,SV_S4,logistic_l2,threshold_cv,0.3,1,1,True,29.752691712690847
SV_S4:crown_0142,SV_S4,Prosopis Juliflora,1,1,-1,1,label_acacia_visual_or_species,SV_S4,logistic_l2,threshold_cv,0.3,1,1,True,22.36830846853127
SV_S4:crown_0152,SV_S4,Prosopis Juliflora,1,1,-1,1,label_acacia_visual_or_species,SV_S4,logistic_l2,threshold_cv,0.3,1,1,True,19.47306393784061
